frame,sim_time,x,y,z,yaw,pitch,roll,speed_mps,throttle,brake,steer,gear,acc_x,acc_y,acc_z,gnss_lat,gnss_lon,gnss_alt,imu_acc_x,imu_acc_y,imu_acc_z,imu_gyro_x,imu_gyro_y,imu_gyro_z,imu_compass
4175,0.0,335.02398681640625,305.8798522949219,-0.0013660620898008347,93.19377899169922,-0.3022836744785309,0.017080379649996758,1.0709766490335235,0.0,1.0,-0.022921122610569,1,0.3737024962902069,-9.389579772949219,0.012743568047881126,0.002754699412464155,0.00300686729711475,2.7985949516296387,-9.642828941345215,0.06155586242675781,9.74068832397461,0.00505675096064806,0.007995572872459888,-0.006090834736824036,3.1973347663879395
4176,0.05,335.0223388671875,305.9194641113281,-0.0011367225088179111,93.18087768554688,-0.3194001317024231,0.0029644279275089502,0.6165282845226592,0.0,1.0,-0.02256215550005436,1,0.3491627871990204,-9.082395553588867,0.008352089673280716,0.002756865489140352,0.002996474531633944,2.7988195419311523,-9.427717208862305,0.19991588592529297,9.7317476272583,0.004832009319216013,0.004616729449480772,-0.0034696811344474554,3.197108507156372
4177,0.1,335.0216369628906,305.93756103515625,-0.0009887885535135865,93.17503356933594,-0.3265035152435303,-0.009979255497455597,0.2054970103361414,0.0,1.0,-0.022376297041773796,1,0.30530306696891785,-8.21540355682373,0.004267501644790173,0.002750083508033664,0.003001474597323066,2.7989656925201416,-8.863120079040527,0.10967826843261719,9.728303909301758,0.0042789652943611145,0.0009737303480505943,-0.001160328509286046,3.197007417678833
4178,0.15000000000000002,335.0216369628906,305.939453125,-0.0009543037158437073,93.17430114746094,-0.32119646668434143,-0.0208129920065403,0.0029719855417073017,0.0,1.0,-0.02229161746799946,1,0.13551878929138184,-4.114419460296631,0.000792692881077528,0.002744101476639115,0.0030199600314925242,2.799001455307007,-6.778172969818115,0.12602853775024414,9.727812767028809,0.003333925735205412,-0.004750629421323538,1.7628917703405023e-05,3.196993589401245
4179,0.2,335.0216369628906,305.93975830078125,-0.0011207771021872759,93.17431640625,-0.29519394040107727,-0.028259269893169403,0.002479819813644414,0.0,1.0,-0.022308703511953354,1,-0.015032575465738773,-0.012152213603258133,-0.0019359588623046875,0.0027675887935541188,0.003006223450190836,2.7988414764404297,-1.0957460403442383,0.11286306381225586,9.726304054260254,0.00210370309650898,-0.01166960783302784,8.115792297758162e-06,3.196993589401245
4180,0.25,335.02154541015625,305.9401550292969,-0.0014480018289759755,93.17430877685547,-0.2531746029853821,-0.03228757157921791,0.002155697268917099,0.0,1.0,-0.022319085896015167,1,-0.014422867447137833,-0.008800582960247993,-0.003922081086784601,0.002734703679852129,0.0030239569805774794,2.7985241413116455,-0.30822211503982544,0.10032010078430176,9.74563217163086,0.0009623859077692032,-0.016359448432922363,3.174227458657697e-07,3.196993589401245
4181,0.30000000000000004,335.0215148925781,305.940673828125,-0.0018801307305693626,93.17430114746094,-0.20141543447971344,-0.0332946702837944,0.00199719903660969,0.0,1.0,-0.0223494004458189,1,-0.012693729251623154,-0.005514589138329029,-0.005212591495364904,0.002741666000052142,0.0030079302896550302,2.7981021404266357,-0.19298456609249115,0.03450500965118408,9.767489433288574,-2.8001144528388977e-05,-0.018940605223178864,-4.715151590062305e-06,3.1969945430755615
4182,0.35000000000000003,335.021484375,305.94122314453125,-0.0023653602693229914,93.17420959472656,-0.14553765952587128,-0.03179931640625,0.0019364074259455417,0.0,1.0,-0.022340746596455574,1,-0.010475126095116138,-0.0024014338850975037,-0.00583572406321764,0.0027502916722829634,0.003009617945108851,2.7976250648498535,-0.08144822716712952,0.06866253912448883,9.787835121154785,-0.0008273720741271973,-0.019653623923659325,-6.917300197528675e-06,3.1969923973083496
4183,0.4,335.021484375,305.9417724609375,-0.0028579900972545147,93.17417907714844,-0.09036339819431305,-0.028350830078125,0.0018949525815782594,0.0,1.0,-0.022340746596455574,1,-0.008059296756982803,0.0004054955206811428,-0.005954360589385033,0.0027548598401297497,0.003027169633937983,2.797137975692749,-0.00437309592962265,0.024267729371786118,9.80593204498291,-0.001415761187672615,-0.01881868951022625,-6.862723239464685e-06,3.1969923973083496
4184,0.45,335.0215148925781,305.9422912597656,-0.003321475815027952,93.17416381835938,-0.039676565676927567,-0.023620598018169403,0.001825384718920446,0.0,1.0,-0.022334683686494827,1,-0.005648810416460037,0.002762794028967619,-0.005565834231674671,0.002740278000307826,0.0030080409767105913,2.796677589416504,0.053661637008190155,0.01071101799607277,9.820661544799805,-0.0017919987440109253,-0.016800323501229286,-5.369044629333075e-06,3.196991443634033
4185,0.5,335.02154541015625,305.94268798828125,-0.003728198818862438,93.17413330078125,0.0037361131981015205,-0.01812744140625,0.0017105679967604325,0.0,1.0,-0.02232429012656212,1,-0.00338347046636045,0.004550497978925705,-0.004856300540268421,0.00275807489574211,0.0030157854098789285,2.796271562576294,0.11213347315788269,0.026973828673362732,9.831860542297363,-0.0019701607525348663,-0.013975370675325394,-3.2987188660627e-06,3.196991443634033
4186,0.55,335.0216064453125,305.9429931640625,-0.004060306586325169,93.17411804199219,0.03820807486772537,-0.012451171875,0.001554612357679861,0.0,1.0,-0.02230955846607685,1,-0.0013526459224522114,0.005698378663510084,-0.00388679513707757,0.0027632795236658485,0.0030127133407522808,2.7959389686584473,0.14690029621124268,0.004370972514152527,9.839200973510742,-0.0019764257594943047,-0.010706223547458649,-1.286628503294196e-06,3.196991443634033
4187,0.6000000000000001,335.0216369628906,305.94329833984375,-0.004308643285185099,93.17413330078125,0.06304947286844254,-0.0067749046720564365,0.0007470678560414954,0.0,1.0,-0.022302618250250816,1,0.02207610011100769,0.007250526919960976,-0.0028158186469227076,0.002745314930202273,0.003012947227113675,2.795689344406128,0.1805707812309265,-0.008249148726463318,9.843011856079102,-0.0019039860926568508,-0.007316887844353914,3.2465866297570756e-06,3.1969923973083496
4188,0.65,335.0216979980469,305.9434814453125,-0.00447160704061389,93.17413330078125,0.07838324457406998,-0.0017700177850201726,0.0005429146325863529,0.0,1.0,-0.022306082770228386,1,-6.198781193234026e-05,0.006032353732734919,-0.0017822266090661287,0.0027533948235081815,0.003014885073213091,2.795525550842285,0.16268347203731537,-0.017986148595809937,9.844084739685059,-0.0016430877149105072,-0.004076426848769188,1.6553117347939406e-06,3.1969923973083496
4189,0.7000000000000001,335.0217590332031,305.94354248046875,-0.004554919898509979,93.17413330078125,0.08499486744403839,0.0023950107861310244,0.0004358625383242879,0.0,1.0,-0.022287866100668907,1,7.152993930503726e-07,0.005445636808872223,-0.0007741927402094007,0.002742294072453502,0.003025922299166304,2.7954418659210205,0.14495417475700378,0.002375081181526184,9.841827392578125,-0.001314828870818019,-0.001189004979096353,6.199156814545859e-07,3.1969923973083496
4190,0.75,335.02178955078125,305.94354248046875,-0.00456796633079648,93.17413330078125,0.08416841924190521,0.00554860383272171,0.00043335682680736956,0.0,1.0,-0.022286998108029366,1,5.280831828713417e-05,0.004540783353149891,5.1879906095564365e-05,0.0027456711322784376,0.0029996251701042663,2.795428991317749,0.12373023480176926,-0.017028190195560455,9.838265419006348,-0.0009564077481627464,0.0012072940589860082,1.3216777006164193e-08,3.1969923973083496
4191,0.8,335.02178955078125,305.9435119628906,-0.004548816476017237,93.17413330078125,0.0812382623553276,0.006486501544713974,9.878392424330363e-05,0.0,1.0,-0.022276578471064568,1,0.0006537891458719969,-0.00043532243580557406,0.00762329064309597,0.002750038128965266,0.0029981578349259387,2.7954483032226562,0.04166652262210846,-0.04271179437637329,9.822680473327637,4.667113535106182e-05,0.0009520958410575986,1.8016748981608544e-08,3.1969923973083496
4192,0.8500000000000001,335.02178955078125,305.9434509277344,-0.004495410714298487,93.17414093017578,0.07526185363531113,0.006090099457651377,0.00027480166062918967,0.0,1.0,-0.022273970767855644,1,-5.352670996217057e-05,0.0034187124110758305,-0.0008747100364416838,0.00273889210801493,0.0030120734652735273,2.795501947402954,0.07225843518972397,-0.014351103454828262,9.82374095916748,0.0001939621288329363,0.002767728641629219,-3.690408902912168e-07,3.196991443634033
4193,0.9,335.02178955078125,305.9433288574219,-0.004403018858283758,93.17413330078125,0.06505072116851807,0.005344786215573549,0.0003949916041702345,0.0,1.0,-0.02228178270161152,1,-4.0609025745652616e-05,0.002333938144147396,-0.0005821228842251003,0.002735400696177795,0.0030145316797268638,2.7955949306488037,0.06107895076274872,-0.0036851242184638977,9.825718879699707,0.00029875850304961205,0.004021228291094303,-6.851732905488461e-07,3.1969923973083496
4194,0.9500000000000001,335.02178955078125,305.94317626953125,-0.004286670591682196,93.17413330078125,0.0521826408803463,0.004370979033410549,0.00046107207158067203,0.0,1.0,-0.022273970767855644,1,-2.3259917725226842e-05,0.001295591937378049,-0.000273704354185611,0.002765549716288827,0.0030052458891157716,2.7957119941711426,0.04888177290558815,-0.002963937819004059,9.819412231445312,0.00036206189543008804,0.004734673537313938,-9.275617003368097e-07,3.196991443634033
4195,1.0,335.02178955078125,305.9429931640625,-0.004158878233283758,93.17413330078125,0.03811928257346153,0.0032818582840263844,0.0004797003425624615,0.0,1.0,-0.02228178270161152,1,-7.07263097865507e-06,0.0003768870374187827,-3.337860107421875e-05,0.0027584963995839025,0.002989897006499855,2.7958405017852783,0.015960728749632835,-0.011100541800260544,9.814678192138672,0.0003877137787640095,0.004964401479810476,-1.087075361283496e-06,3.1969923973083496
4196,1.05,335.02178955078125,305.9428405761719,-0.004031696356832981,93.17413330078125,0.024117397144436836,0.002176582580432296,0.0004589827347253227,0.0,1.0,-0.022286122664809227,1,4.862740752287209e-06,-0.00037626654375344515,0.00019874569261446595,0.0027364694149485166,0.0030029572030791847,2.7959680557250977,0.014667505398392677,0.009058297611773014,9.80960464477539,0.00038089416921138763,0.004790399689227343,-1.153402195086528e-06,3.1969923973083496
4197,1.1,335.02178955078125,305.94268798828125,-0.003913517110049725,93.17413330078125,0.011167358607053757,0.0011354497401043773,0.0004094182184023859,0.0,1.0,-0.022284388542175293,1,1.3993840184411965e-05,-0.0009430391946807504,0.00031414019758813083,0.0027353120644989966,0.003005210463469912,2.796086311340332,-0.008073335513472557,0.00035937316715717316,9.806330680847168,0.0003488627262413502,0.00430565420538187,-1.1252689091634238e-06,3.196991443634033
4198,1.1500000000000001,335.0217590332031,305.94256591796875,-0.0038115119095891714,93.17413330078125,0.0,0.000218696310184896,0.00034047664029031375,0.0,1.0,-0.02227223664522171,1,2.0534280338324606e-05,-0.0013219751417636871,0.00039882666897028685,0.002741092183119277,0.0030115962891834724,2.7961883544921875,-0.039938636124134064,0.002177409827709198,9.803438186645508,0.0002987401094287634,0.00360722653567791,-1.012521238408226e-06,3.196991443634033
4199,1.2000000000000002,335.0217590332031,305.94244384765625,-0.003729648422449827,93.17413330078125,-0.008940717205405235,-0.0005187987699173391,0.0002611059594336726,0.0,1.0,-0.02228178270161152,1,2.3799939299351536e-05,-0.0015271949814632535,0.0004417419550009072,0.0027559005512536117,0.0029899311671208934,2.7962703704833984,-0.021499045193195343,0.001196170225739479,9.802105903625488,0.00023746490478515625,0.0027879385743290186,-8.348514484168845e-07,3.196991443634033
4200,1.25,335.0217590332031,305.9423828125,-0.0036697578616440296,93.17413330078125,-0.015477207489311695,-0.0010986332781612873,0.00017927982992859776,0.0,1.0,-0.022286122664809227,1,2.393461181782186e-05,-0.0015814192593097687,0.0004318237188272178,0.0027430618579314925,0.003036945936855132,2.796330213546753,-0.0425853431224823,0.0024027638137340546,9.801005363464355,0.0001713479869067669,0.0019309670897200704,-6.182971787893621e-07,3.196991443634033
4201,1.3,335.0217590332031,305.94232177734375,-0.003631763393059373,93.17413330078125,-0.019561661407351494,-0.0014648438664153218,0.00010142592689244286,0.0,1.0,-0.022284388542175293,1,2.3262058675754815e-05,-0.0015126883517950773,0.00038642878644168377,0.002745368734149959,0.003006521670612801,2.796367645263672,-0.04328489676117897,0.00246540829539299,9.801079750061035,0.00010630302131175995,0.0011056697694584727,-3.8737249496989534e-07,3.196991443634033
4202,1.35,335.0217590332031,305.9422912597656,-0.00361429201439023,93.17413330078125,-0.021426301449537277,-0.0016784656327217817,3.277934979411286e-05,0.0,1.0,-0.022290466353297234,1,2.07376779144397e-05,-0.0013510496355593204,0.0003448486386332661,0.0027418445786870278,0.0030076394532848193,2.7963855266571045,-0.04471113532781601,-0.01746733859181404,9.802094459533691,4.67121135443449e-05,0.0003654522297438234,-1.673063678708786e-07,3.1969923973083496
4203,1.4000000000000001,335.0217590332031,305.9422912597656,-0.00361429201439023,93.17413330078125,-0.021426301449537277,-0.0016784656327217817,0.0,0.0,1.0,-0.02228873036801815,1,9.683764801593497e-06,-0.0006542671471834183,-4.0435788832837716e-05,0.0027469060615394254,0.0030089991720792662,2.7963855266571045,-0.02252727933228016,0.02136390656232834,9.802882194519043,0.0,0.0,0.0,3.1969923973083496
4204,1.4500000000000002,335.0217590332031,305.94232177734375,-0.00362192140892148,93.17413330078125,-0.02053837850689888,-0.0016479491023346782,5.192455908623341e-05,0.0,1.0,-0.02228873036801815,1,7.670624654565472e-06,-0.0010031878482550383,0.00026836394681595266,0.0027678618805800997,0.0030095112262365628,2.7963778972625732,-0.0035154148936271667,0.00028206908609718084,9.806952476501465,-4.189263563603163e-05,-0.0005443368572741747,1.1620225137676243e-07,3.1969923973083496
4205,1.5,335.0217590332031,305.94232177734375,-0.0036425208672881126,93.17413330078125,-0.01827758550643921,-0.0014648438664153218,8.853848311214016e-05,0.0,1.0,-0.02228873036801815,1,1.3084226338833105e-05,-0.0007105342810973525,0.0001770019589457661,0.0027462125439252664,0.002995246641189176,2.7963573932647705,-0.0430668368935585,0.00246550515294075,9.804830551147461,-7.260683923959732e-05,-0.0009344161953777075,2.4066028458946676e-07,3.196991443634033
4206,1.55,335.0217590332031,305.9423828125,-0.0036710547283291817,93.17413330078125,-0.015163019299507141,-0.0012207028921693563,0.00011148633723978247,0.0,1.0,-0.02228873036801815,1,8.533459549653344e-06,-0.0004471790452953428,0.00010356900020269677,0.0027566506555188473,0.0030146141784819468,2.7963290214538574,-0.011473303660750389,0.020731963217258453,9.806872367858887,-9.220058564096689e-05,-0.0011793982703238726,3.2013187478696636e-07,3.196991443634033
4207,1.6,335.0217590332031,305.9424133300781,-0.0037037848960608244,93.17413330078125,-0.011563509702682495,-0.000946044921875,0.00012171217788692083,0.0,1.0,-0.02228265441954136,1,5.232473085925449e-06,-0.00020349107217043638,2.8991707949899137e-05,0.002756071849742939,0.0030035791351104234,2.7962961196899414,-0.0030873585492372513,-0.019807370379567146,9.808125495910645,-0.00010151066817343235,-0.0012903717579320073,3.583351713132288e-07,3.196991443634033
4208,1.6500000000000001,335.0217590332031,305.9424743652344,-0.003737659426406026,93.17413330078125,-0.007841057144105434,-0.0006713870679959655,0.00012100351304695496,0.0,1.0,-0.0222783125936985,1,6.568438948306721e-07,6.557384040206671e-06,-3.376007953193039e-05,0.002743505774194668,0.003010283555993773,2.79626202583313,-0.0013428027741611004,0.00011494813952594995,9.809609413146973,-0.00010200659744441509,-0.001286165090277791,3.6168697192806576e-07,3.196991443634033
4209,1.7000000000000002,335.0217590332031,305.9425048828125,-0.0037702368572354317,93.17413330078125,-0.004303019028156996,-0.0003662109375,0.00011193337938903988,0.0,1.0,-0.022280048578977585,1,-1.4249167179514188e-06,0.000175176392076537,-4.76837158203125e-05,0.002759900475095119,0.003015323806266028,2.796229839324951,-0.010721453465521336,0.0006164135411381721,9.81070327758789,-9.505974594503641e-05,-0.0011899742530658841,3.371139030150516e-07,3.196991443634033
4210,1.75,335.0217590332031,305.94256591796875,-0.0037989995907992125,93.17413330078125,-0.0011611321242526174,-0.00012207029067212716,9.660549074937366e-05,0.0,1.0,-0.022286122664809227,1,-3.5207494875066914e-06,0.0002977605618070811,-7.305145118152723e-05,0.002734420505194753,0.0030190884658616427,2.796200752258301,0.01977073773741722,-0.0010865125805139542,9.811250686645508,-8.284056093543768e-05,-0.001027207588776946,2.940365675385692e-07,3.196991443634033
4211,1.8,335.0217590332031,305.94256591796875,-0.0038227271288633347,93.17413330078125,0.001434339676052332,8.869526936905459e-05,7.719097030981017e-05,0.0,1.0,-0.0222783125936985,1,-5.736001185141504e-06,0.00037506004446186125,-0.00010223386198049411,0.0027495163396200188,0.003006686092702948,2.796177387237549,-0.00973901804536581,0.0005385177209973335,9.81226634979248,-6.73484755679965e-05,-0.0008227125508710742,2.390134739016503e-07,3.196991443634033
4212,1.85,335.0217590332031,305.94256591796875,-0.00382684706710279,93.17413330078125,0.0018783019622787833,0.00012562134361360222,1.1030616717884835e-06,0.0,1.0,-0.022280048578977585,1,-2.4059434508671984e-05,0.0015303132822737098,-0.0003293991321697831,0.0027648449890966,0.0030070892594260645,2.796173095703125,0.04026048257946968,-0.0022363588213920593,9.817654609680176,6.388545443769544e-07,1.058018551702844e-05,1.6244349199112662e-09,3.196991443634033
4213,1.9000000000000001,335.0217590332031,305.94256591796875,-0.00382684706710279,93.17413330078125,0.0018783019622787833,0.00012562134361360222,5.522120408815165e-06,0.0,1.0,-0.022280048578977585,1,-2.465222223690944e-06,8.22784859337844e-05,-3.223419116693549e-05,0.0027352880192756126,0.0030147183801994093,2.796173095703125,0.010306311771273613,-0.0005752192810177803,9.811718940734863,3.327666490804404e-06,5.543692168430425e-05,-1.1286567236368228e-08,3.196991443634033
4214,1.9500000000000002,335.0217590332031,305.94256591796875,-0.003823795123025775,93.17413330078125,0.0015504529001191258,0.0001050872087944299,8.838596244766587e-06,0.0,1.0,-0.022280048578977585,1,-7.810656370565994e-07,5.853714537806809e-05,-3.185272362316027e-05,0.0027412908439647513,0.0030226070225574217,2.7961761951446533,0.010250155813992023,-0.0005717035382986069,9.811250686645508,5.597983545158058e-06,8.737308235140517e-05,-2.091408646265336e-08,3.196991443634033
4215,2.0,335.0217590332031,305.94256591796875,-0.0038212775252759457,93.17413330078125,0.001263584941625595,8.684488420840353e-05,1.0650265467023018e-05,0.0,1.0,-0.022280048578977585,1,-1.0102794476551935e-06,3.4934164432343096e-05,-1.049041202350054e-05,0.0027523512115341224,0.0030227211295816955,2.7961785793304443,0.00021634006407111883,-1.486883411416784e-05,9.809687614440918,6.8226654548197985e-06,0.00010651016054907814,-2.7175966366144166e-08,3.196991443634033
4216,2.0500000000000003,335.0217590332031,305.94256591796875,-0.003818454686552286,93.17413330078125,0.0009425660828128457,6.598787877010182e-05,1.1072286054135306e-05,0.0,1.0,-0.022280048578977585,1,-5.455143536892137e-07,1.3820517779095098e-05,1.2779232747561764e-05,0.002730969753975239,0.003000438773141723,2.7961816787719727,0.00016138830687850714,-1.1298579920548946e-05,9.81031322479248,7.417649612762034e-06,0.00011415094195399433,-3.01974729666199e-08,3.196991443634033
4217,2.1,335.0217590332031,305.94256591796875,-0.0038154791109263897,93.17413330078125,0.0006147170206531882,4.474901288631372e-05,1.0954416865949716e-05,0.0,1.0,-0.022280048578977585,1,6.113469908086699e-07,-3.868954081553966e-06,-4.005432856502011e-06,0.0027629415331833457,0.003002458285208632,2.7961843013763428,-0.00987941026687622,0.0005460456013679504,9.809844017028809,7.531925803050399e-06,0.00011213250400032848,-3.043754404075116e-08,3.196991443634033
4218,2.15,335.0217590332031,305.94256591796875,-0.00381265627220273,93.17413330078125,0.00031418868456967175,2.4346591089852154e-05,1.0136289963581584e-05,0.0,1.0,-0.022280048578977585,1,-1.1642669051070698e-08,-1.8238279153592885e-05,-1.9073513612966053e-06,0.002760514070492305,0.003003836035986097,2.796187400817871,5.379524009185843e-05,-4.168610757915303e-06,9.81015682220459,6.874128303024918e-06,0.00010231164924334735,-2.847326285859708e-08,3.196991443634033
4219,2.2,335.0217590332031,305.94256591796875,-0.0038100623060017824,93.17413330078125,4.0981132769957185e-05,6.1913387980894186e-06,8.810318049694364e-06,0.0,1.0,-0.022280048578977585,1,3.311055252197548e-07,-2.8063113859388977e-05,1.9073513612966053e-06,0.002746594263403991,0.003024288014329869,2.796189785003662,7.016435120021924e-06,-1.0600272162264446e-06,9.809687614440918,5.87619433645159e-06,8.711651753401384e-05,-2.484537553471e-08,3.196991443634033
4220,2.25,335.0217590332031,305.94256591796875,-0.0038089179433882236,93.17413330078125,-9.56226431299001e-05,0.0,1.930479770255309e-07,0.0,1.0,-0.022280048578977585,1,3.777115125558339e-06,-0.00015665232785977423,7.610320608364418e-05,0.002751904162910747,0.003003399588578105,2.7961909770965576,-1.5674617316108197e-05,0.0,9.809531211853027,2.7544842851057183e-07,1.6582127955189208e-06,2.1188965859675335e-10,3.196991443634033
4221,2.3000000000000003,335.0217590332031,305.94256591796875,-0.0038089179433882236,93.17413330078125,-9.56226431299001e-05,0.0,3.8159237042900544e-07,0.0,1.0,-0.022280048578977585,1,-1.5472203074295976e-07,-4.918962076772004e-06,-9.5367431640625e-06,0.0027642453816456927,0.0029997801880192864,2.7961909770965576,-1.5674617316108197e-05,0.0,9.809531211853027,1.8489322428649757e-07,-9.034271215568879e-07,2.9564326681219555e-11,3.196991443634033
4222,2.35,335.0217590332031,305.94256591796875,-0.0038089179433882236,93.17413330078125,-9.56226431299001e-05,0.0,4.522540744234046e-07,0.0,1.0,-0.022280048578977585,1,-9.928845656759222e-08,-3.4491531550884247e-06,0.0,0.002749071453043185,0.002997577631048699,2.7961909770965576,-1.5675366739742458e-05,-9.094947017729282e-13,9.8100004196167,-2.6913767214864492e-08,-2.7789867544925073e-06,5.74200631486832e-10,3.196991443634033
4223,2.4000000000000004,335.0217590332031,305.94256591796875,-0.0038089179433882236,93.17413330078125,-9.56226431299001e-05,0.0,6.96843950307573e-07,0.0,1.0,-0.022280048578977585,1,3.4722353348115575e-07,-2.5150366127490997e-06,-4.196167537884321e-06,0.0027522704853213745,0.002998064746406527,2.7961909770965576,-1.5675366739742458e-05,-9.094947017729282e-13,9.8100004196167,-2.2861058823764324e-08,-4.1615680856921244e-06,1.0047129794799048e-09,3.196991443634033
4224,2.45,335.0217590332031,305.94256591796875,-0.0038089179433882236,93.17413330078125,-9.56226431299001e-05,0.0,9.766133149298909e-07,0.0,1.0,-0.022280048578977585,1,-1.1231392704758036e-07,-1.292178808398603e-06,-5.722044988942798e-06,0.0027593958303855706,0.0030162992047728775,2.7961909770965576,-1.5675366739742458e-05,-9.094947017729282e-13,9.8100004196167,-1.1942711353185587e-07,-4.870413704338716e-06,1.27370558544726e-09,3.196991443634033
4225,2.5,335.0217590332031,305.94256591796875,-0.0038089179433882236,93.17413330078125,-9.56226431299001e-05,0.0,1.1150075140801307e-06,0.0,1.0,-0.022280048578977585,1,-3.8343145547514723e-07,-4.567152700474253e-07,-2.861022494471399e-06,0.002752485590368038,0.0030099578605125143,2.7961909770965576,-1.5675366739742458e-05,-9.094947017729282e-13,9.8100004196167,-3.0783212423557416e-07,-5.111499831400579e-06,1.3742857962739663e-09,3.196991443634033
4226,2.5500000000000003,335.0217590332031,305.94256591796875,-0.0038089179433882236,93.17413330078125,-9.56226431299001e-05,0.0,1.1653176483487406e-06,0.0,1.0,-0.022280048578977585,1,8.334467906934151e-07,1.2247653558006277e-07,-1.1444103620306123e-06,0.0027450502863262463,0.003040226544271064,2.7961909770965576,-1.5675366739742458e-05,-9.094947017729282e-13,9.8100004196167,9.068116924026981e-09,-5.066953690402443e-06,1.3587861946717794e-09,3.196991443634033
4227,2.6,335.0217590332031,305.94256591796875,-0.0038089179433882236,93.17413330078125,-9.56226431299001e-05,0.0,1.2881158897811418e-06,0.0,1.0,-0.022280048578977585,1,-4.0910859411269485e-07,1.06962033896707e-06,-3.0517571758537088e-06,0.0027487509954840297,0.0030163001861176608,2.7961909770965576,-1.5675366739742458e-05,-9.094947017729282e-13,9.8100004196167,-1.4934539649402723e-07,-4.484220880840439e-06,1.2813419214552368e-09,3.196991443634033
4228,2.6500000000000004,335.0217590332031,305.94256591796875,-0.0038089179433882236,93.17413330078125,-9.56226431299001e-05,0.0,1.4525325639370473e-06,0.0,1.0,-0.022280048578977585,1,-4.920051992485241e-07,1.3568228496296797e-06,-3.814698175119702e-06,0.0027398524417963435,0.0029895518478035964,2.7961909770965576,-1.5675366739742458e-05,-9.094947017729282e-13,9.8100004196167,-3.0087448976701126e-07,-3.7324891764001222e-06,1.0735048405763337e-09,3.196991443634033
4229,2.7,335.0217590332031,305.94256591796875,-0.0038089179433882236,93.17413330078125,-9.56226431299001e-05,0.0,1.5290632883139919e-07,0.0,1.0,-0.022280048578977585,1,3.250941915666772e-07,6.860709163447609e-06,2.5177003408316523e-05,0.0027590444543834983,0.0030089546178253667,2.7961909770965576,-1.5675366739742458e-05,-9.094947017729282e-13,9.8100004196167,-4.620075344519137e-08,-7.975728522069403e-09,3.481662874671443e-11,3.196991443634033
4230,2.75,335.0217590332031,305.94256591796875,-0.0038089179433882236,93.17413330078125,-9.56226431299001e-05,0.0,3.8147618748028545e-07,0.0,1.0,-0.022280048578977585,1,-2.3775413637849852e-07,-1.9014148477936033e-08,-4.5776364459015895e-06,0.002735620824883468,0.0030214264256749456,2.7961909770965576,-1.5675366739742458e-05,-9.094947017729282e-13,9.8100004196167,-6.035401867166001e-08,-8.472483159494004e-09,2.338353686029415e-12,3.196991443634033
4231,2.8000000000000003,335.0217590332031,305.94256591796875,-0.0038089179433882236,93.17413330078125,-9.56226431299001e-05,0.0,5.817454263426548e-07,0.0,1.0,-0.022280048578977585,1,6.262432794557071e-09,-8.54890913615236e-09,-4.005432856502011e-06,0.0027480634104409055,0.0030117642942280153,2.7961909770965576,-1.5675366739742458e-05,-9.094947017729282e-13,9.8100004196167,-5.2998963440131774e-08,-1.333348365051279e-08,3.485464521169046e-12,3.196991443634033
4232,2.85,335.0217590332031,305.94256591796875,-0.0038089179433882236,93.17413330078125,-9.56226431299001e-05,0.0,7.724795833902177e-07,0.0,1.0,-0.022280048578977585,1,5.4482751643547545e-09,-8.581202415314237e-09,-3.8146970382513246e-06,0.0027532452578684988,0.003011407555674651,2.7961909770965576,-1.5675366739742458e-05,-9.094947017729282e-13,9.8100004196167,-4.564098787795956e-08,-1.8194509010527327e-08,4.754830210118577e-12,3.196991443634033
4233,2.9000000000000004,335.0217590332031,305.94256591796875,-0.0038089179433882236,93.17413330078125,-9.56226431299001e-05,0.0,9.632142838006689e-07,0.0,1.0,-0.022280048578977585,1,5.448232975879819e-09,-8.581211297098434e-09,-3.8146970382513246e-06,0.002748948432175026,0.0030207340410009064,2.7961909770965576,-1.5675366739742458e-05,-9.094947017729282e-13,9.8100004196167,-3.8283015868501025e-08,-2.3055530817828185e-08,6.02408704516999e-12,3.196991443634033
4234,2.95,335.0217590332031,305.94256591796875,-0.0038089179433882236,93.17413330078125,-9.56226431299001e-05,0.0,1.1539492012902686e-06,0.0,1.0,-0.022280048578977585,1,5.448238304950337e-09,-8.581197974422139e-09,-3.8146959013829473e-06,0.002747409457602358,0.0030178083466119287,2.7961909770965576,-1.5675366739742458e-05,-9.094947017729282e-13,9.8100004196167,-3.092503675361513e-08,-2.79165597305564e-08,7.293537301888975e-12,3.196991443634033
4235,3.0,335.0217590332031,305.94256591796875,-0.0038089179433882236,93.17413330078125,-9.56226431299001e-05,0.0,1.3446843898297353e-06,0.0,1.0,-0.022280048578977585,1,5.44822853498772e-09,-8.581215737990533e-09,-3.814698175119702e-06,0.002764706921103012,0.003024546738287682,2.7961909770965576,-1.5675366739742458e-05,-9.094947017729282e-13,9.8100004196167,-2.3567062967799757e-08,-3.277758153785726e-08,8.562855285942916e-12,3.196991443634033
4236,3.0500000000000003,335.0217590332031,305.94256591796875,-0.0038089179433882236,93.17413330078125,-9.56226431299001e-05,0.0,1.5354196770851953e-06,0.0,1.0,-0.022280048578977585,1,5.4482334199690285e-09,-8.581206856206336e-09,-3.814698175119702e-06,0.002758146268338847,0.0030254600383152874,2.7961909770965576,-1.5675366739742458e-05,-9.094947017729282e-13,9.8100004196167,-1.6209089181984382e-08,-3.7638606897871796e-08,9.83216372901774e-12,3.196991443634033
4237,3.1,335.0217590332031,305.94256591796875,-0.0038089179433882236,93.17413330078125,-9.56226431299001e-05,0.0,8.583093210657464e-08,0.0,1.0,-0.022280048578977585,1,9.71534053206824e-09,6.67800108544725e-08,2.899169885495212e-05,0.0027416012400367853,0.003028481129603534,2.7961909770965576,-1.5675366739742458e-05,-9.094947017729282e-13,9.8100004196167,2.2904598218076444e-09,-1.7319726763886933e-09,1.4595934866561827e-13,3.196991443634033
4238,3.1500000000000004,335.0217590332031,305.94256591796875,-0.0038089179433882236,93.17413330078125,-9.56226431299001e-05,0.0,2.7656646459600354e-07,0.0,1.0,-0.022280048578977585,1,5.492718280208919e-09,-8.579372767769655e-09,-3.8146970382513246e-06,0.0027619472931706204,0.0030068546993782374,2.7961909770965576,-1.5675366739742458e-05,-9.094947017729282e-13,9.8100004196167,9.648273291418263e-09,-6.592994594711854e-09,1.4039779538607688e-12,3.196991443634033
4239,3.2,335.0217590332031,305.94256591796875,-0.0038089179433882236,93.17413330078125,-9.56226431299001e-05,0.0,4.768380829898192e-07,0.0,1.0,-0.022280048578977585,1,-2.7865165730389663e-09,-6.310534317321981e-09,-4.0054324017546605e-06,0.0027338996925623596,0.003011059729714617,2.7961909770965576,-1.5675366739742458e-05,-9.094947017729282e-13,9.8100004196167,1.2697234375025346e-08,-1.0038347042495843e-08,2.721400145164199e-12,3.196991443634033
4240,3.25,335.0217590332031,305.94256591796875,-0.0038089179433882236,93.17413330078125,-9.56226431299001e-05,0.0,7.05719432220985e-07,0.0,1.0,-0.022280048578977585,1,-1.0806504135985051e-08,3.3736602400580296e-09,-4.57763690064894e-06,0.002756900952268139,0.00300145153460042,2.7961909770965576,-1.5675366739742458e-05,-9.094947017729282e-13,9.8100004196167,-1.5791856711189212e-09,-7.820380787393333e-09,2.3149219086776585e-12,3.196991443634033
4241,3.3000000000000003,335.0217590332031,305.94256591796875,-0.0038089179433882236,93.17413330078125,-9.56226431299001e-05,0.0,9.346012745551664e-07,0.0,1.0,-0.022280048578977585,1,-9.982844773048782e-09,3.4063407650108957e-09,-4.577635991154239e-06,0.002764152585901271,0.0030133223483510673,2.7961909770965576,-1.5675366739742458e-05,-9.094947017729282e-13,9.8100004196167,-1.5858573121363406e-08,-5.6023967687224285e-09,1.7838033567613154e-12,3.196991443634033
4242,3.35,335.0217590332031,305.94256591796875,-0.0038089179433882236,93.17413330078125,-9.56226431299001e-05,0.0,1.1348727584884077e-06,0.0,1.0,-0.022280048578977585,1,8.332203371708147e-09,-6.024267751314483e-09,-4.00543194700731e-06,0.002743210364902139,0.0030108309319054737,2.7961909770965576,-1.5675366739742458e-05,-9.094947017729282e-13,9.8100004196167,-1.2849448616236714e-08,-9.04747476937473e-09,2.1610265660276795e-12,3.196991443634033
4243,3.4000000000000004,335.0217590332031,305.94256591796875,-0.0038089179433882236,93.17413330078125,-9.56226431299001e-05,0.0,1.3256079163990167e-06,0.0,1.0,-0.022280048578977585,1,5.450396134420998e-09,-8.581109156580169e-09,-3.814698175119702e-06,0.002751446930365588,0.003006329400704345,2.7961909770965576,-1.5675366739742458e-05,-9.094947017729282e-13,9.8100004196167,-5.491482824027116e-09,-1.390849480031875e-08,3.4298395287096772e-12,3.196991443634033
4244,3.45,335.0217590332031,305.94256591796875,-0.0038089179433882236,93.17413330078125,-9.56226431299001e-05,0.0,1.5163430683148675e-06,0.0,1.0,-0.022280048578977585,1,5.448232087701399e-09,-8.581206856206336e-09,-3.8146959013829473e-06,0.002739249519568644,0.0030148927162365734,2.7961909770965576,-1.5675366739742458e-05,-9.094947017729282e-13,9.8100004196167,1.8664874090745798e-09,-1.8769521048511706e-08,4.699239261607424e-12,3.196991443634033
4245,3.5,335.0217590332031,305.94256591796875,-0.0038089179433882236,93.17413330078125,-9.56226431299001e-05,0.0,0.0,0.0,1.0,-0.022280048578977585,1,-3.8749594644116314e-09,3.4385898572963924e-08,3.032684253412299e-05,0.0027573884109602168,0.003008769983124949,2.7961909770965576,-1.5675366739742458e-05,-9.094947017729282e-13,9.8100004196167,0.0,0.0,0.0,3.196991443634033
4246,3.5500000000000003,335.0217590332031,305.94256591796875,-0.0038089179433882236,93.17413330078125,-9.56226431299001e-05,0.0,2.0027232537219313e-07,0.0,1.0,-0.022280048578977585,1,6.503580785022223e-09,-8.595926637156026e-09,-4.00543194700731e-06,0.002726426300019326,0.0030158555528026054,2.7961909770965576,-1.5675366739742458e-05,-9.094947017729282e-13,9.8100004196167,7.354202580245328e-09,-4.8609529734733314e-09,9.503008189387652e-13,3.196991443634033
4247,3.6,335.0217590332031,305.94256591796875,-0.0038089179433882236,93.17413330078125,-9.56226431299001e-05,0.0,4.1961699631762666e-07,0.0,1.0,-0.022280048578977585,1,-1.286669615296887e-08,8.494316361407073e-10,-4.38690176451928e-06,0.002761182073432379,0.0029963502761341087,2.7961909770965576,-1.5675366739742458e-05,-9.094947017729282e-13,9.8100004196167,-2.576321600500364e-09,-4.058902547399157e-09,1.3113551043664184e-12,3.196991443634033
4248,3.6500000000000004,335.0217590332031,305.94256591796875,-0.0038089179433882236,93.17413330078125,-9.56226431299001e-05,0.0,6.484989324341123e-07,0.0,1.0,-0.022280048578977585,1,-6.188652257321792e-09,1.036679631027937e-09,-4.57763690064894e-06,0.0027434078812307652,0.0030027355483064466,2.7961909770965576,-1.5675366739742458e-05,-9.094947017729282e-13,9.8100004196167,-1.2530763093820951e-08,-3.2567086805102008e-09,1.0395536428203789e-12,3.196991443634033
4249,3.7,335.0217590332031,305.94256591796875,-0.0038089179433882236,93.17413330078125,-9.56226431299001e-05,0.0,8.773811157577256e-07,0.0,1.0,-0.022280048578977585,1,-1.0692842167259187e-08,3.3784253172797207e-09,-4.577635991154239e-06,0.0027551879071739185,0.0030169991564428355,2.7961909770965576,-1.5675366739742458e-05,-9.094947017729282e-13,9.8100004196167,-2.6807599695644058e-08,-1.0387264381961359e-09,6.097985072624212e-13,3.196991443634033
4250,3.75,335.0217590332031,305.94256591796875,-0.0038089179433882236,93.17413330078125,-9.56226431299001e-05,0.0,1.1062634227191286e-06,0.0,1.0,-0.022280048578977585,1,-9.982825233123549e-09,3.4063407650108957e-09,-4.57763690064894e-06,0.00275636014352635,0.003019004417637262,2.7961909770965576,-1.5675366739742458e-05,-9.094947017729282e-13,9.8100004196167,-4.108697382321225e-08,1.179255804117929e-09,7.871550362480856e-14,3.196991443634033
4251,3.8000000000000003,335.0217590332031,305.94256591796875,-0.0038089179433882236,93.17413330078125,-9.56226431299001e-05,0.0,1.3542183526417289e-06,0.0,1.0,-0.022280048578977585,1,8.638698645313525e-09,1.8138347712692848e-08,-4.95910626341356e-06,0.002744762645893885,0.003011414568617766,2.7961909770965576,-1.5675366739742458e-05,-9.094947017729282e-13,9.8100004196167,-3.791617331216912e-08,1.0684441775765663e-08,-1.5007305294301165e-12,3.196991443634033
4252,3.85,335.0217590332031,305.94256591796875,-0.0038089179433882236,93.17413330078125,-9.56226431299001e-05,0.0,1.6212480870619872e-06,0.0,1.0,-0.022280048578977585,1,9.436726067235668e-09,2.7912170352806243e-08,-5.340575626178179e-06,0.002744438819850571,0.0030139151774613137,2.7961909770965576,-1.5675366739742458e-05,-9.094947017729282e-13,9.8100004196167,-2.243441876714769e-08,2.5494726330066442e-08,-5.538140692568083e-12,3.196991443634033
4253,3.9000000000000004,335.0217590332031,305.94256591796875,-0.0038089179433882236,93.17413330078125,-9.56226431299001e-05,0.0,1.840594322719401e-06,0.0,1.0,-0.022280048578977585,1,2.7729720741831443e-08,1.848052733066652e-08,-4.386902219266631e-06,0.002754128357215037,0.003021537106632678,2.7961909770965576,-1.5675366739742458e-05,-9.094947017729282e-13,9.8100004196167,1.0335831746033364e-08,3.464190356794461e-08,-8.664279363412852e-12,3.196991443634033
4254,3.95,335.0217590332031,305.94256591796875,-0.0038089179433882236,93.17413330078125,-9.56226431299001e-05,0.0,1.2397806313377786e-07,0.0,1.0,-0.022280048578977585,1,-8.56807336191423e-09,-6.952993913955652e-08,3.4332275390625e-05,0.0027533313974759457,0.0030150196876086565,2.7961909770965576,-1.5675366739742458e-05,-9.094947017729282e-13,9.8100004196167,3.9782888094919144e-09,-2.774963370200112e-09,4.082311203489064e-13,3.196991443634033
4255,4.0,335.0217590332031,305.94256591796875,-0.0038089179433882236,93.17413330078125,-9.56226431299001e-05,0.0,3.1471426736496417e-07,0.0,1.0,-0.022280048578977585,1,1.494545998070862e-08,-4.215831683751503e-09,-3.8146970382513246e-06,0.0027415641590282994,0.003000056618019954,2.7961909770965576,-1.5675366739742458e-05,-9.094947017729282e-13,9.8100004196167,1.650536418651427e-08,-5.653800982940993e-09,2.071464527686473e-12,3.196991443634033
4256,4.05,335.0217590332031,305.94256591796875,-0.0038089179433882236,93.17413330078125,-9.56226431299001e-05,0.0,5.054504858131385e-07,0.0,1.0,-0.022280048578977585,1,1.650842129663488e-08,1.1614439188178949e-08,-3.8146970382513246e-06,0.002737645957627634,0.0030072079789527206,2.7961909770965576,-1.5675366739742458e-05,-9.094947017729282e-13,9.8100004196167,4.845118084517708e-08,9.526246458335663e-11,-5.299641476531891e-13,3.196991443634033
4257,4.1000000000000005,335.0217590332031,305.94256591796875,-0.0038089179433882236,93.17413330078125,-9.56226431299001e-05,0.0,6.961851186597925e-07,0.0,1.0,-0.022280048578977585,1,4.294486988243307e-09,-8.637157655755345e-09,-3.8146970382513246e-06,0.0027514159011348474,0.0030022255518809115,2.7961909770965576,-1.5675366739742458e-05,-9.094947017729282e-13,9.8100004196167,5.581330242421245e-08,-4.765773553572217e-09,7.114463640607582e-13,3.196991443634033
4258,4.15,335.0217590332031,305.94256591796875,-0.0038089179433882236,93.17413330078125,-9.56226431299001e-05,0.0,8.964555321253794e-07,0.0,1.0,-0.022280048578977585,1,-6.5828964501690734e-09,-3.9409431273895734e-09,-4.005432856502011e-06,0.002759495504638422,0.0030074390294878694,2.7961909770965576,-1.5675366739742458e-05,-9.094947017729282e-13,9.8100004196167,5.453733109561654e-08,-6.7953287441469e-09,1.7700400607029154e-12,3.196991443634033
4259,4.2,335.0217590332031,305.94256591796875,-0.0038089179433882236,93.17413330078125,-9.56226431299001e-05,0.0,1.1253362848562207e-06,0.0,1.0,-0.022280048578977585,1,-1.009643924021475e-08,3.40160344336482e-09,-4.577635991154239e-06,0.0027218697261064753,0.003006397532771444,2.7961909770965576,-1.5675366739742458e-05,-9.094947017729282e-13,9.8100004196167,4.025836375376457e-08,-4.577344725475996e-09,1.2622089788291713e-12,3.196991443634033
4260,4.25,335.0217590332031,305.94256591796875,-0.0038089179433882236,93.17413330078125,-9.56226431299001e-05,0.0,1.3542176566979363e-06,0.0,1.0,-0.022280048578977585,1,-9.982782600559403e-09,3.4063409870555006e-09,-4.57763690064894e-06,0.00274626245472568,0.003013702560792154,2.7961909770965576,-1.5675366739742458e-05,-9.094947017729282e-13,9.8100004196167,2.5979003837051096e-08,-2.359358930448252e-09,7.310146411809715e-13,3.196991443634033
4261,4.3,335.0217590332031,305.94256591796875,-0.0038089179433882236,93.17413330078125,-9.56226431299001e-05,0.0,1.5544893261894562e-06,0.0,1.0,-0.022280048578977585,1,-1.9201420897729804e-08,1.7620862990952446e-08,-4.005432856502011e-06,0.0027568512433804662,0.003011591100573042,2.7961909770965576,-1.5675366739742458e-05,-9.094947017729282e-13,9.8100004196167,3.1816309586929492e-09,7.801419954489575e-09,-1.155875200241352e-12,3.196991443634033
4262,4.3500000000000005,335.0217590332031,305.94256591796875,-0.0038089179433882236,93.17413330078125,-9.56226431299001e-05,0.0,3.815133248482744e-08,0.0,1.0,-0.022280048578977585,1,-4.6647317120118714e-09,-1.0191797628067434e-08,3.0326844353112392e-05,0.002751278883939036,0.0030134297865054404,2.7961909770965576,-1.5675366739742458e-05,-9.094947017729282e-13,9.8100004196167,-5.6019908711846256e-09,2.4538941989504792e-09,1.379455496228546e-13,3.196991443634033
4263,4.4,335.0217590332031,305.94256591796875,-0.0038089179433882236,93.17413330078125,-9.56226431299001e-05,0.0,2.6703075449064125e-07,0.0,1.0,-0.022280048578977585,1,-8.192005296336902e-09,3.3416793776552822e-09,-4.57763690064894e-06,0.002736349090032987,0.0030243744527063254,2.7961909770965576,-1.5675366739742458e-05,-9.094947017729282e-13,9.8100004196167,-1.988775011341204e-08,4.672006781447635e-09,-9.499517058392248e-13,3.196991443634033
4264,4.45,335.0217590332031,305.94256591796875,-0.0038089179433882236,93.17413330078125,-9.56226431299001e-05,0.0,4.959130366005465e-07,0.0,1.0,-0.022280048578977585,1,-9.982706217215309e-09,3.406348092482858e-09,-4.5776364459015895e-06,0.002742803971746567,0.0030165729817775,2.7961909770965576,-1.5675366739742458e-05,-9.094947017729282e-13,9.8100004196167,-3.4167133122764426e-08,6.889992576475379e-09,-1.4811425740404727e-12,3.196991443634033
4265,4.5,335.0217590332031,305.94256591796875,-0.0038089179433882236,93.17413330078125,-9.56226431299001e-05,0.0,7.247954368988925e-07,0.0,1.0,-0.022280048578977585,1,-9.982779047845725e-09,3.406354087687191e-09,-4.57763690064894e-06,0.002741026255667335,0.003011370022363081,2.7961909770965576,-1.5675366739742458e-05,-9.094947017729282e-13,9.8100004196167,-4.84465019212621e-08,9.107981924216801e-09,-2.0122755458457098e-12,3.196991443634033
4266,4.55,335.0217590332031,305.94256591796875,-0.0038089179433882236,93.17413330078125,-9.56226431299001e-05,0.0,9.441391791460878e-07,0.0,1.0,-0.022280048578977585,1,5.232467792382067e-09,-3.627328437616484e-09,-4.386901309771929e-06,0.0027377742918775275,0.003004733628130708,2.7961909770965576,-1.5675366739742458e-05,-9.094947017729282e-13,9.8100004196167,-4.976481449148196e-08,7.0787038453090645e-09,-1.9918554652886833e-12,3.196991443634033
4267,4.6000000000000005,335.0217590332031,305.94256591796875,-0.0038089179433882236,93.17413330078125,-9.56226431299001e-05,0.0,1.1348732600347166e-06,0.0,1.0,-0.022280048578977585,1,5.463920427217772e-09,-8.580535393321043e-09,-3.8146970382513246e-06,0.002737178756565796,0.0030233947913978054,2.7961909770965576,-1.5675366739742458e-05,-9.094947017729282e-13,9.8100004196167,-4.240688511458757e-08,2.217685590721885e-09,-7.262902844244745e-13,3.196991443634033
4268,4.65,335.0217590332031,305.94256591796875,-0.0038089179433882236,93.17413330078125,-9.56226431299001e-05,0.0,1.3256078154812049e-06,0.0,1.0,-0.022280048578977585,1,5.4482396372179664e-09,-8.581205968027916e-09,-3.814698175119702e-06,0.0027362301699627514,0.0030166813239696066,2.7961909770965576,-1.5675366739742458e-05,-9.094947017729282e-13,9.8100004196167,-3.504891310512903e-08,-2.643339769292652e-09,5.430750250542959e-13,3.196991443634033
4269,4.7,335.0217590332031,305.94256591796875,-0.0038089179433882236,93.17413330078125,-9.56226431299001e-05,0.0,1.516342516468579e-06,0.0,1.0,-0.022280048578977585,1,5.448237416771917e-09,-8.581207744384756e-09,-3.8146959013829473e-06,0.0027573051467202694,0.002996145086853431,2.7961909770965576,-1.5675366739742458e-05,-9.094947017729282e-13,9.8100004196167,-2.769093399024314e-08,-7.504366905664028e-09,1.8124972009370133e-12,3.196991443634033
4270,4.75,335.0217590332031,305.94256591796875,-0.0038089179433882236,93.17413330078125,-9.56226431299001e-05,0.0,1.7070775034785494e-06,0.0,1.0,-0.022280048578977585,1,5.4482307554337694e-09,-8.581206856206336e-09,-3.814698175119702e-06,0.0027498329861730744,0.003002944312810797,2.7961909770965576,-1.5675366739742458e-05,-9.094947017729282e-13,9.8100004196167,-2.0332961980784603e-08,-1.2365386936608047e-08,3.081916883154734e-12,3.196991443634033
4271,4.800000000000001,335.0217590332031,305.94256591796875,-0.0038089179433882236,93.17413330078125,-9.56226431299001e-05,0.0,1.6212520104060506e-07,0.0,1.0,-0.022280048578977585,1,1.7145552533293085e-08,1.6903696220538222e-08,3.089904930675402e-05,0.0027334630714408795,0.0030211477528603436,2.7961909770965576,-1.5675366739742458e-05,-9.094947017729282e-13,9.8100004196167,5.666238589441264e-09,-3.8179557293460675e-09,6.786103796951881e-13,3.196991443634033
4272,4.8500000000000005,335.0217590332031,305.94256591796875,-0.0038089179433882236,93.17413330078125,-9.56226431299001e-05,0.0,3.528618679394901e-07,0.0,1.0,-0.022280048578977585,1,1.9933992234655307e-08,9.888684315839669e-10,-3.814697265625e-06,0.002749516600073533,0.002997015180425734,2.7961909770965576,-1.5675366739742458e-05,-9.094947017729282e-13,9.8100004196167,2.4332289072503954e-08,-4.044309775963484e-09,1.644755078661353e-12,3.196991443634033
4273,4.9,335.0217590332031,305.94256591796875,-0.0038089179433882236,93.17413330078125,-9.56226431299001e-05,0.0,5.436003852022021e-07,0.0,1.0,-0.022280048578977585,1,2.5004968762232238e-08,1.5930499586147562e-08,-3.8146970382513246e-06,0.002753566869746961,0.0030041893264745167,2.7961909770965576,-1.5675366739742458e-05,-9.094947017729282e-13,9.8100004196167,6.145079822772459e-08,3.6869209907308687e-09,-5.998408692496626e-13,3.196991443634033
4274,4.95,335.0217590332031,305.94256591796875,-0.0038089179433882236,93.17413330078125,-9.56226431299001e-05,0.0,7.343331952308854e-07,0.0,1.0,-0.022280048578977585,1,-1.7955592568341672e-09,-9.121064792338984e-09,-3.8146970382513246e-06,0.0027570240337313826,0.0029999173898425224,2.7961909770965576,-1.5675366739742458e-05,-9.094947017729282e-13,9.8100004196167,6.883476544317091e-08,-1.173987129732268e-09,-3.0803308580067135e-13,3.196991443634033
4275,5.0,335.0217590332031,305.94256591796875,-0.0038089179433882236,93.17413330078125,-9.56226431299001e-05,0.0,9.34603141702726e-07,0.0,1.0,-0.022280048578977585,1,-6.583218414846215e-09,-3.940958226422708e-09,-4.00543194700731e-06,0.0027612041696061587,0.0030235840299604032,2.7961909770965576,-1.5675366739742458e-05,-9.094947017729282e-13,9.8100004196167,6.7558794114575e-08,-3.20354587302063e-09,7.508473552110539e-13,3.196991443634033
4276,5.050000000000001,335.0217590332031,305.94256591796875,-0.0038089179433882236,93.17413330078125,-9.56226431299001e-05,0.0,1.163483774723617e-06,0.0,1.0,-0.022280048578977585,1,-1.0096449898355786e-08,3.401603665409425e-09,-4.577637810143642e-06,0.002757359389893778,0.0030164801373751115,2.7961909770965576,-1.5675366739742458e-05,-9.094947017729282e-13,9.8100004196167,5.327982322000935e-08,-9.855618543497258e-10,2.4288129016683535e-13,3.196991443634033
4277,5.1000000000000005,335.0217590332031,305.94256591796875,-0.0038089179433882236,93.17413330078125,-9.56226431299001e-05,0.0,1.3923648626360322e-06,0.0,1.0,-0.022280048578977585,1,-9.982783488737823e-09,3.4063420972785252e-09,-4.577634626912186e-06,0.0027574167553625975,0.0030165365701571144,2.7961909770965576,-1.5675366739742458e-05,-9.094947017729282e-13,9.8100004196167,3.900044731608432e-08,1.2324221643211786e-09,-2.88199341778525e-13,3.196991443634033
4278,5.15,335.0217590332031,305.94256591796875,-0.0038089179433882236,93.17413330078125,-9.56226431299001e-05,0.0,1.6212464174747727e-06,0.0,1.0,-0.022280048578977585,1,-9.982773718775206e-09,3.4063556419994256e-09,-4.57763690064894e-06,0.0027441937796952934,0.003012800169244002,2.7961909770965576,-1.5675366739742458e-05,-9.094947017729282e-13,9.8100004196167,2.4721078517586648e-08,3.4504132884194405e-09,-8.192541697121802e-13,3.196991443634033
4279,5.2,335.0217590332031,305.94256591796875,-0.0038089179433882236,93.17413330078125,-9.56226431299001e-05,0.0,9.536859203807404e-08,0.0,1.0,-0.022280048578977585,1,-2.1060856170151965e-08,-5.76096992332964e-09,3.0517576306010596e-05,0.002732142632472047,0.0030108169450422505,2.7961909770965576,-1.5675366739742458e-05,-9.094947017729282e-13,9.8100004196167,-6.343480851711547e-09,1.09949072069071e-09,-6.472969539929666e-14,3.196991443634033
4280,5.25,335.0217590332031,305.94256591796875,-0.0038089179433882236,93.17413330078125,-9.56226431299001e-05,0.0,3.242508098852157e-07,0.0,1.0,-0.022280048578977585,1,-1.0051961041313007e-08,3.403437531801501e-09,-4.57763690064894e-06,0.00274412791772697,0.0030140055703207335,2.7961909770965576,-1.5675366739742458e-05,-9.094947017729282e-13,9.8100004196167,-2.062260584523301e-08,3.3174778479860834e-09,-5.840227390238595e-13,3.196991443634033
4281,5.300000000000001,335.0217590332031,305.94256591796875,-0.0038089179433882236,93.17413330078125,-9.56226431299001e-05,0.0,5.531331907360335e-07,0.0,1.0,-0.022280048578977585,1,-9.982789705986761e-09,3.4063556419994256e-09,-4.5776364459015895e-06,0.0027646477257308524,0.0030090691880098174,2.7961909770965576,-1.5675366739742458e-05,-9.094947017729282e-13,9.8100004196167,-3.490199063094224e-08,5.535468972084345e-09,-1.1151724075425529e-12,3.196991443634033
4282,5.3500000000000005,335.0217590332031,305.94256591796875,-0.0038089179433882236,93.17413330078125,-9.56226431299001e-05,0.0,7.820156254029066e-07,0.0,1.0,-0.022280048578977585,1,-9.982783488737823e-09,3.4063563081332404e-09,-4.57763690064894e-06,0.0027392160756294706,0.002999909592744444,2.7961909770965576,-1.5675366739742458e-05,-9.094947017729282e-13,9.8100004196167,-4.918136298215359e-08,7.753460096182607e-09,-1.646173215102964e-12,3.196991443634033
4283,5.4,335.0217590332031,305.94256591796875,-0.0038089179433882236,93.17413330078125,-9.56226431299001e-05,0.0,1.0108980113732684e-06,0.0,1.0,-0.022280048578977585,1,-9.98279237052202e-09,3.406354087687191e-09,-4.577635991154239e-06,0.002751078867068414,0.0030146913677520214,2.7961909770965576,-1.5675366739742458e-05,-9.094947017729282e-13,9.8100004196167,-6.346074599150597e-08,9.971458325708227e-09,-2.177229316974172e-12,3.196991443634033
4284,5.45,335.0217590332031,305.94256591796875,-0.0038089179433882236,93.17413330078125,-9.56226431299001e-05,0.0,1.230241940740766e-06,0.0,1.0,-0.022280048578977585,1,5.232476674166264e-09,-3.627327327393459e-09,-4.386902219266631e-06,0.002755213062887875,0.003021343894487728,2.7961909770965576,-1.5675366739742458e-05,-9.094947017729282e-13,9.8100004196167,-6.477903724544376e-08,7.942169588659453e-09,-2.156899442037896e-12,3.196991443634033
4285,5.5,335.0217590332031,305.94256591796875,-0.0038089179433882236,93.17413330078125,-9.56226431299001e-05,0.0,1.4209760594851471e-06,0.0,1.0,-0.022280048578977585,1,5.463909324987526e-09,-8.580536281499462e-09,-3.814698175119702e-06,0.0027462642330151957,0.003008631522561046,2.7961909770965576,-1.5675366739742458e-05,-9.094947017729282e-13,9.8100004196167,-5.7421125632117764e-08,3.081151334072274e-09,-8.913389774531377e-13,3.196991443634033
4286,5.550000000000001,335.0217590332031,305.94256591796875,-0.0038089179433882236,93.17413330078125,-9.56226431299001e-05,0.0,1.6117104128511587e-06,0.0,1.0,-0.022280048578977585,1,5.448246298556114e-09,-8.581205968027916e-09,-3.8146959013829473e-06,0.0027313089350587197,0.003016376144841416,2.7961909770965576,-1.5675366739742458e-05,-9.094947017729282e-13,9.8100004196167,-5.006314651723187e-08,-1.779874025942263e-09,3.780695374822063e-13,3.196991443634033
4287,5.6000000000000005,335.0217590332031,305.94256591796875,-0.0038089179433882236,93.17413330078125,-9.56226431299001e-05,0.0,0.0,0.0,1.0,-0.022280048578977585,1,3.315948049475992e-08,5.6157221095531895e-09,3.223419116693549e-05,0.0027560013533234687,0.0030206321366670463,2.7961909770965576,-1.5675366739742458e-05,-9.094947017729282e-13,9.8100004196167,0.0,0.0,0.0,3.196991443634033
4288,5.65,335.0217590332031,305.94256591796875,-0.0038089179433882236,93.17413330078125,-9.56226431299001e-05,0.0,2.002723253720885e-07,0.0,1.0,-0.022280048578977585,1,6.503580340933013e-09,-8.595925748977606e-09,-4.00543194700731e-06,0.0027484257491510525,0.0029911565511604576,2.7961909770965576,-1.5675366739742458e-05,-9.094947017729282e-13,9.8100004196167,7.354202580245328e-09,-4.8609529734733314e-09,9.502649318468559e-13,3.196991443634033
4289,5.7,335.0217590332031,305.94256591796875,-0.0038089179433882236,93.17413330078125,-9.56226431299001e-05,0.0,3.9100786622886745e-07,0.0,1.0,-0.022280048578977585,1,5.448281381603692e-09,-8.581203303492657e-09,-3.814697265625e-06,0.002742080713820129,0.003032605209681861,2.7961909770965576,-1.5675366739742458e-05,-9.094947017729282e-13,9.8100004196167,1.4712171925168605e-08,-9.721977001220239e-09,2.219615984067058e-12,3.196991443634033
4290,5.75,335.0217590332031,305.94256591796875,-0.0038089179433882236,93.17413330078125,-9.56226431299001e-05,0.0,5.817434228597431e-07,0.0,1.0,-0.022280048578977585,1,5.4482365285934975e-09,-8.581205968027916e-09,-3.814697720372351e-06,0.0027431940212823483,0.0030315742301347936,2.7961909770965576,-1.5675366739742458e-05,-9.094947017729282e-13,9.8100004196167,2.2070150151876078e-08,-1.4583002361234776e-08,3.4890512787960626e-12,3.196991443634033
4291,5.800000000000001,335.0217590332031,305.94256591796875,-0.0038089179433882236,93.17413330078125,-9.56226431299001e-05,0.0,7.724796035138079e-07,0.0,1.0,-0.022280048578977585,1,2.4069670701010182e-08,6.150742137833731e-09,-3.8146970382513246e-06,0.0027344796982520583,0.0030055602614986864,2.7961909770965576,-1.5675366739742458e-05,-9.094947017729282e-13,9.8100004196167,4.687825594373862e-08,-1.2156853301803494e-08,3.710387899702461e-12,3.196991443634033
4292,5.8500000000000005,335.0217590332031,305.94256591796875,-0.0038089179433882236,93.17413330078125,-9.56226431299001e-05,0.0,9.632142495782328e-07,0.0,1.0,-0.022280048578977585,1,2.2281421152570147e-09,-3.964117922805599e-09,-3.8146970382513246e-06,0.0027300917419284323,0.0030229540684552202,2.7961909770965576,-1.5675366739742458e-05,-9.094947017729282e-13,9.8100004196167,6.040468747414707e-08,-1.4365276967964746e-08,3.2614438493644426e-12,3.196991443634033
4293,5.9,335.0217590332031,305.94256591796875,-0.0038089179433882236,93.17413330078125,-9.56226431299001e-05,0.0,1.163485450594807e-06,0.0,1.0,-0.022280048578977585,1,-2.7895019627521833e-09,-6.3106653236388865e-09,-4.005432856502011e-06,0.0027464476876462376,0.002997848386711922,2.7961909770965576,-1.5675366739742458e-05,-9.094947017729282e-13,9.8100004196167,6.345364766957573e-08,-1.7810634744819254e-08,4.579349486416584e-12,3.196991443634033
4294,5.95,335.0217590332031,305.94256591796875,-0.0038089179433882236,93.17413330078125,-9.56226431299001e-05,0.0,1.3923658689844023e-06,0.0,1.0,-0.022280048578977585,1,-1.0806500583271372e-08,3.373659129835005e-09,-4.577634626912186e-06,0.0027522053250282133,0.0030008453281873525,2.7961909770965576,-1.5675366739742458e-05,-9.094947017729282e-13,9.8100004196167,4.91772382815725e-08,-1.5592664937003065e-08,4.172971430210781e-12,3.196991443634033
4295,6.0,335.0217590332031,305.94256591796875,-0.0038089179433882236,93.17413330078125,-9.56226431299001e-05,0.0,1.5926362227280565e-06,0.0,1.0,-0.022280048578977585,1,-1.9201443990368716e-08,1.7620857661881928e-08,-4.005432856502011e-06,0.002754047976073294,0.003015789851814844,2.7961909770965576,-1.5675366739742458e-05,-9.094947017729282e-13,9.8100004196167,2.6379890272210105e-08,-5.431887828422077e-09,2.286022716610492e-12,3.196991443634033
4296,6.050000000000001,335.0217590332031,305.94256591796875,-0.0038089179433882236,93.17413330078125,-9.56226431299001e-05,0.0,1.239828011650528e-07,0.0,1.0,-0.022280048578977585,1,-2.96328206417229e-08,2.1511636916216048e-08,2.937316821771674e-05,0.0027301234341808103,0.002998505899540106,2.7961909770965576,-1.5675366739742458e-05,-9.094947017729282e-13,9.8100004196167,-1.5293073474254015e-08,7.343224694977835e-09,-9.56309142118028e-13,3.196991443634033
4297,6.1000000000000005,335.0217590332031,305.94256591796875,-0.0038089179433882236,93.17413330078125,-9.56226431299001e-05,0.0,3.242571694917966e-07,0.0,1.0,-0.022280048578977585,1,-1.4448204410655308e-08,1.8164897142014524e-08,-4.0054324017546605e-06,0.0027520293325738257,0.0030138837823863295,2.7961909770965576,-1.5675366739742458e-05,-9.094947017729282e-13,9.8100004196167,-3.8411293701301474e-08,1.7848801547870607e-08,-4.2744432125763065e-12,3.196991443634033
4298,6.15,335.0217590332031,305.94256591796875,-0.0038089179433882236,93.17413330078125,-9.56226431299001e-05,0.0,5.531378600208884e-07,0.0,1.0,-0.022280048578977585,1,-9.558151603528131e-09,3.4202463083943258e-09,-4.5776364459015895e-06,0.002742875454846895,0.003012341163525235,2.7961909770965576,-1.5675366739742458e-05,-9.094947017729282e-13,9.8100004196167,-5.2692207930249424e-08,2.006679267196887e-08,-4.928354165739668e-12,3.196991443634033
4299,6.2,335.0217590332031,305.94256591796875,-0.0038089179433882236,93.17413330078125,-9.56226431299001e-05,0.0,7.72480637296761e-07,0.0,1.0,-0.022280048578977585,1,2.0483126306203303e-09,-1.2338952082302512e-09,-4.386902219266631e-06,0.0027514690194907834,0.003017049571553144,2.7961909770965576,-1.5675366739742458e-05,-9.094947017729282e-13,9.8100004196167,-5.833762628526529e-08,1.9453317179340956e-08,-5.248709019495257e-12,3.196991443634033
4300,6.25,335.0217590332031,305.94256591796875,-0.0038089179433882236,93.17413330078125,-9.56226431299001e-05,0.0,9.632134244361317e-07,0.0,1.0,-0.022280048578977585,1,5.561888727356745e-09,-8.57645687801778e-09,-3.8146970382513246e-06,0.0027282446073018454,0.0030299961658777474,2.7961909770965576,-1.5675366739742458e-05,-9.094947017729282e-13,9.8100004196167,-5.0980062837879814e-08,1.4592302477467456e-08,-4.00259513033685e-12,3.196991443634033
4301,6.300000000000001,335.0217590332031,305.94256591796875,-0.0038089179433882236,93.17413330078125,-9.56226431299001e-05,0.0,1.1539470708041269e-06,0.0,1.0,-0.022280048578977585,1,5.448246298556114e-09,-8.581203303492657e-09,-3.8146959013829473e-06,0.0027417494785782273,0.003009089670739996,2.7961909770965576,-1.5675366739742458e-05,-9.094947017729282e-13,9.8100004196167,-4.362208372299392e-08,9.73127356473924e-09,-2.7331431388943894e-12,3.196991443634033
4302,6.3500000000000005,335.0217590332031,305.94256591796875,-0.0038089179433882236,93.17413330078125,-9.56226431299001e-05,0.0,1.344681348821944e-06,0.0,1.0,-0.022280048578977585,1,5.448232975879819e-09,-8.581209520741595e-09,-3.814698175119702e-06,0.0027458403434552983,0.002994585036957943,2.7961909770965576,-1.5675366739742458e-05,-9.094947017729282e-13,9.8100004196167,-3.6264108160821706e-08,4.870255310152061e-09,-1.4636575371845817e-12,3.196991443634033
4303,6.4,335.0217590332031,305.94256591796875,-0.0038089179433882236,93.17413330078125,-9.56226431299001e-05,0.0,1.535415951773285e-06,0.0,1.0,-0.022280048578977585,1,5.448235196325868e-09,-8.581205968027916e-09,-3.814698175119702e-06,0.002746682762013321,0.003024499389084013,2.7961909770965576,-1.5675366739742458e-05,-9.094947017729282e-13,9.8100004196167,-2.8906129045935813e-08,9.229950137523701e-12,-1.9421206450768308e-13,3.196991443634033
4304,6.45,335.0217590332031,305.94256591796875,-0.0038089179433882236,93.17413330078125,-9.56226431299001e-05,0.0,3.8147071665825875e-08,0.0,1.0,-0.022280048578977585,1,1.99887431051593e-08,8.185743749500318e-11,2.9945374990347773e-05,0.0027324213398474476,0.003018276450347258,2.7961909770965576,-1.5675366739742458e-05,-9.094947017729282e-13,9.8100004196167,6.034903687890392e-10,-6.889819825772747e-10,-6.713980228983257e-14,3.196991443634033
4305,6.5,335.0217590332031,305.94256591796875,-0.0038089179433882236,93.17413330078125,-9.56226431299001e-05,0.0,2.3841934113246836e-07,0.0,1.0,-0.022280048578977585,1,5.771080502370296e-09,-8.569461584784221e-09,-4.0054324017546605e-06,0.0027562631313644906,0.0030153487255113586,2.7961909770965576,-1.5675366739742458e-05,-9.094947017729282e-13,9.8100004196167,7.96030619198973e-09,-5.549995130138541e-09,1.1321023328861313e-12,3.196991443634033
4306,6.550000000000001,335.0217590332031,305.94256591796875,-0.0038089179433882236,93.17413330078125,-9.56226431299001e-05,0.0,4.291548682395834e-07,0.0,1.0,-0.022280048578977585,1,5.448250739448213e-09,-8.581205968027916e-09,-3.8146970382513246e-06,0.0027414792922586875,0.003005561524786827,2.7961909770965576,-1.5675366739742458e-05,-9.094947017729282e-13,9.8100004196167,1.5318281754161944e-08,-1.0411020490153078e-08,2.4015056436510474e-12,3.196991443634033
4307,6.6000000000000005,335.0217590332031,305.94256591796875,-0.0038089179433882236,93.17413330078125,-9.56226431299001e-05,0.0,6.19890396530427e-07,0.0,1.0,-0.022280048578977585,1,5.4482307554337694e-09,-8.581206856206336e-09,-3.8146970382513246e-06,0.0027406692880918362,0.00301299245393173,2.7961909770965576,-1.5675366739742458e-05,-9.094947017729282e-13,9.8100004196167,2.26762502109068e-08,-1.5272044961989195e-08,3.670893884005766e-12,3.196991443634033
4308,6.65,335.0217590332031,305.94256591796875,-0.0038089179433882236,93.17413330078125,-9.56226431299001e-05,0.0,8.106265174655183e-07,0.0,1.0,-0.022280048578977585,1,2.406967425372386e-08,6.1507443582797805e-09,-3.8146970382513246e-06,0.002749337156335442,0.0030153743123258036,2.7961909770965576,-1.5675366739742458e-05,-9.094947017729282e-13,9.8100004196167,4.7484356002769346e-08,-1.2845898567093172e-08,3.892155694962263e-12,3.196991443634033
4309,6.7,335.0217590332031,305.94256591796875,-0.0038089179433882236,93.17413330078125,-9.56226431299001e-05,0.0,1.0013621955834274e-06,0.0,1.0,-0.022280048578977585,1,1.5376535600353236e-08,1.1559430745933241e-08,-3.8146970382513246e-06,0.0027552758621327902,0.0030134409316808896,2.7961909770965576,-1.5675366739742458e-05,-9.094947017729282e-13,9.8100004196167,7.94342369658807e-08,-7.096836895925662e-09,1.2597632355684785e-12,3.196991443634033
4310,6.75,335.0217590332031,305.94256591796875,-0.0038089179433882236,93.17413330078125,-9.56226431299001e-05,0.0,1.2016328483416535e-06,0.0,1.0,-0.022280048578977585,1,-3.940363590970719e-09,-6.366487781406249e-09,-4.005432856502011e-06,0.002743555636375773,0.003016420931543763,2.7961909770965576,-1.5675366739742458e-05,-9.094947017729282e-13,9.8100004196167,8.248733252003149e-08,-1.0542208883634885e-08,2.5489348045443228e-12,3.196991443634033
4311,6.800000000000001,335.0217590332031,305.94256591796875,-0.0038089179433882236,93.17413330078125,-9.56226431299001e-05,0.0,1.4305131899889156e-06,0.0,1.0,-0.022280048578977585,1,-1.0806591177470182e-08,3.3736724525113004e-09,-4.57763690064894e-06,0.0027500408036376447,0.003010843883777937,2.7961909770965576,-1.5675366739742458e-05,-9.094947017729282e-13,9.8100004196167,6.821088049946411e-08,-8.32422841767766e-09,2.1426582296618646e-12,3.196991443634033
4312,6.8500000000000005,335.0217590332031,305.94256591796875,-0.0038089179433882236,93.17413330078125,-9.56226431299001e-05,0.0,1.6307834268653606e-06,0.0,1.0,-0.022280048578977585,1,-2.0887227947241627e-08,2.1321575616184418e-08,-4.005430582765257e-06,0.0027701418831798455,0.0030050611180734276,2.7961909770965576,-1.5675366739742458e-05,-9.094947017729282e-13,9.8100004196167,4.320588686823612e-08,3.908418477749365e-09,-2.8911698339226244e-13,3.196991443634033
4313,6.9,335.0217590332031,305.94256591796875,-0.0038089179433882236,93.17413330078125,-9.56226431299001e-05,0.0,1.6213065910556976e-07,0.0,1.0,-0.022280048578977585,1,-4.395923625111209e-08,7.841423510512868e-09,2.937316821771674e-05,0.002753889568926339,0.002990924899221937,2.7961909770965576,-1.5675366739742458e-05,-9.094947017729282e-13,9.8100004196167,-2.0140223710995997e-08,9.787897603530382e-09,-1.585567072602545e-12,3.196991443634033
4314,6.95,335.0217590332031,305.94256591796875,-0.0038089179433882236,93.17413330078125,-9.56226431299001e-05,0.0,3.5287046023086824e-07,0.0,1.0,-0.022280048578977585,1,-1.8173423654843646e-08,2.1291644003440524e-08,-3.814697265625e-06,0.0027478093826589847,0.003006637241014033,2.7961909770965576,-1.5675366739742458e-05,-9.094947017729282e-13,9.8100004196167,-4.515494822499022e-08,2.202068571932614e-08,-4.750557152516377e-12,3.196991443634033
4315,7.0,335.0217590332031,305.94256591796875,-0.0038089179433882236,93.17413330078125,-9.56226431299001e-05,0.0,5.912865440532784e-07,0.0,1.0,-0.022280048578977585,1,-7.2665162775820136e-09,3.37651684390039e-09,-4.76837158203125e-06,0.002754605861942351,0.003014144437656142,2.7961909770965576,-1.5675366739742458e-05,-9.094947017729282e-13,9.8100004196167,-5.9444026589972054e-08,2.4238808293830516e-08,-6.015858818042563e-12,3.196991443634033
4316,7.050000000000001,335.0217590332031,305.94256591796875,-0.0038089179433882236,93.17413330078125,-9.56226431299001e-05,0.0,8.106288573735298e-07,0.0,1.0,-0.022280048578977585,1,2.048441416491187e-09,-1.233892987784202e-09,-4.386901309771929e-06,0.0027345492427644294,0.003012671374335042,2.7961909770965576,-1.5675366739742458e-05,-9.094947017729282e-13,9.8100004196167,-6.508945915584263e-08,2.3625332801202603e-08,-6.336195457201654e-12,3.196991443634033
4317,7.1000000000000005,335.0217590332031,305.94256591796875,-0.0038089179433882236,93.17413330078125,-9.56226431299001e-05,0.0,1.001361252286811e-06,0.0,1.0,-0.022280048578977585,1,5.561888727356745e-09,-8.57645510166094e-09,-3.8146970382513246e-06,0.0027452357618545156,0.003005541274432545,2.7961909770965576,-1.5675366739742458e-05,-9.094947017729282e-13,9.8100004196167,-5.77318886030298e-08,1.8764318099329103e-08,-5.0899345502286586e-12,3.196991443634033
4318,7.15,335.0217590332031,305.94256591796875,-0.0038089179433882236,93.17413330078125,-9.56226431299001e-05,0.0,1.192094717424782e-06,0.0,1.0,-0.022280048578977585,1,5.448244078110065e-09,-8.581190868994781e-09,-3.814698175119702e-06,0.002748133200630533,0.0030063293506821364,2.7961909770965576,-1.5675366739742458e-05,-9.094947017729282e-13,9.8100004196167,-5.037390948814391e-08,1.3903299844741923e-08,-3.820565825513045e-12,3.196991443634033
4319,7.2,335.0217590332031,305.94256591796875,-0.0038089179433882236,93.17413330078125,-9.56226431299001e-05,0.0,1.382828653905707e-06,0.0,1.0,-0.022280048578977585,1,5.448226314541671e-09,-8.581210408920015e-09,-3.8146959013829473e-06,0.0027610333128409784,0.0030237450087036277,2.7961909770965576,-1.5675366739742458e-05,-9.094947017729282e-13,9.8100004196167,-4.301593747868537e-08,9.042274484727386e-09,-2.551162189487477e-12,3.196991443634033
4320,7.25,335.0217590332031,305.94256591796875,-0.0038089179433882236,93.17413330078125,-9.56226431299001e-05,0.0,1.57356307636559e-06,0.0,1.0,-0.022280048578977585,1,5.448232975879819e-09,-8.581205968027916e-09,-3.814698175119702e-06,0.0027497802448879574,0.0029937885760766957,2.7961909770965576,-1.5675366739742458e-05,-9.094947017729282e-13,9.8100004196167,-3.565796191651316e-08,4.181249124712849e-09,-1.2816872129589596e-12,3.196991443634033
4321,7.300000000000001,335.0217590332031,305.94256591796875,-0.0038089179433882236,93.17413330078125,-9.56226431299001e-05,0.0,8.583093210657464e-08,0.0,1.0,-0.022280048578977585,1,2.6486876691933503e-08,-9.088902963583223e-09,2.9754637580481358e-05,0.002756539904699408,0.0030235586896190225,2.7961909770965576,-1.5675366739742458e-05,-9.094947017729282e-13,9.8100004196167,2.2904598218076444e-09,-1.7319726763886933e-09,1.4595768170477808e-13,3.196991443634033
4322,7.3500000000000005,335.0217590332031,305.94256591796875,-0.0038089179433882236,93.17413330078125,-9.56226431299001e-05,0.0,2.76566464595921e-07,0.0,1.0,-0.022280048578977585,1,5.4927173920304995e-09,-8.579372767769655e-09,-3.8146970382513246e-06,0.002757504932692924,0.0030057059861967727,2.7961909770965576,-1.5675366739742458e-05,-9.094947017729282e-13,9.8100004196167,9.648273291418263e-09,-6.592994594711854e-09,1.4039796885842448e-12,3.196991443634033
4323,7.4,335.0217590332031,305.94256591796875,-0.0038089179433882236,93.17413330078125,-9.56226431299001e-05,0.0,4.6730199233363895e-07,0.0,1.0,-0.022280048578977585,1,5.448237416771917e-09,-8.581205079849497e-09,-3.8146970382513246e-06,0.002751272285327601,0.0030059991377122796,2.7961909770965576,-1.5675366739742458e-05,-9.094947017729282e-13,9.8100004196167,1.70062453008768e-08,-1.1454018178369552e-08,2.673365652114401e-12,3.196991443634033
4324,7.45,335.0217590332031,305.94256591796875,-0.0038089179433882236,93.17413330078125,-9.56226431299001e-05,0.0,6.580375492427239e-07,0.0,1.0,-0.022280048578977585,1,5.448232087701399e-09,-8.581205079849497e-09,-3.814697720372351e-06,0.0027581478754159852,0.003014322790704028,2.7961909770965576,-1.5675366739742458e-05,-9.094947017729282e-13,9.8100004196167,2.4364219086692174e-08,-1.631504353838409e-08,3.942791839545157e-12,3.196991443634033
4325,7.5,335.0217590332031,305.94256591796875,-0.0038089179433882236,93.17413330078125,-9.56226431299001e-05,0.0,8.48773077974798e-07,0.0,1.0,-0.022280048578977585,1,5.4482307554337694e-09,-8.581206856206336e-09,-3.8146970382513246e-06,0.002747541863432658,0.0030118200290865215,2.7961909770965576,-1.5675366739742458e-05,-9.094947017729282e-13,9.8100004196167,3.172218754343703e-08,-2.1176068898398626e-08,5.21224252994501e-12,3.196991443634033
4326,7.550000000000001,335.0217590332031,305.94256591796875,-0.0038089179433882236,93.17413330078125,-9.56226431299001e-05,0.0,1.0395086636611223e-06,0.0,1.0,-0.022280048578977585,1,5.448232975879819e-09,-8.581215737990533e-09,-3.814698175119702e-06,0.002759750682476393,0.00300506686653469,2.7961909770965576,-1.5675366739742458e-05,-9.094947017729282e-13,9.8100004196167,3.9080163105609245e-08,-2.6037094258413163e-08,6.4816619953222965e-12,3.196991443634033
4327,7.6000000000000005,335.0217590332031,305.94256591796875,-0.0038089179433882236,93.17413330078125,-9.56226431299001e-05,0.0,1.230243754735995e-06,0.0,1.0,-0.022280048578977585,1,1.3602794446399002e-08,1.737401333912203e-09,-3.8146959013829473e-06,0.00275608454480384,0.003016987343925649,2.7961909770965576,-1.5675366739742458e-05,-9.094947017729282e-13,9.8100004196167,5.87226338666369e-08,-2.5593131169898697e-08,6.2659430595524146e-12,3.196991443634033
4328,7.65,335.0217590332031,305.94256591796875,-0.0038089179433882236,93.17413330078125,-9.56226431299001e-05,0.0,1.4209793011989697e-06,0.0,1.0,-0.022280048578977585,1,5.29199351007037e-09,-8.58797921665655e-09,-3.814698175119702e-06,0.0027436770430045235,0.003022833332124065,2.7961909770965576,-1.5675366739742458e-05,-9.094947017729282e-13,9.8100004196167,6.6081163652143e-08,-3.04541458717722e-08,7.545710584144771e-12,3.196991443634033
4329,7.7,335.0217590332031,305.94256591796875,-0.0038089179433882236,93.17413330078125,-9.56226431299001e-05,0.0,0.0,0.0,1.0,-0.022280048578977585,1,-4.890771521104398e-08,5.284419302142851e-08,2.841949390131049e-05,0.002745139971144041,0.003022410632637985,2.7961909770965576,-1.5675366739742458e-05,-9.094947017729282e-13,9.8100004196167,0.0,0.0,0.0,3.196991443634033
4330,7.75,335.0217590332031,305.94256591796875,-0.0038089179433882236,93.17413330078125,-9.56226431299001e-05,0.0,2.6703458623405753e-07,0.0,1.0,-0.022280048578977585,1,-2.8623645675907028e-09,3.501163448049738e-08,-5.34057608092553e-06,0.0027477613266642456,0.0030058332513356444,2.7961909770965576,-1.5675366739742458e-05,-9.094947017729282e-13,9.8100004196167,3.681369875607743e-09,1.9043502774707122e-08,-4.856299824079757e-12,3.196991443634033
4331,7.800000000000001,335.0217590332031,305.94256591796875,-0.0038089179433882236,93.17413330078125,-9.56226431299001e-05,0.0,4.959148260814616e-07,0.0,1.0,-0.022280048578977585,1,-1.1078058470559426e-08,3.3527802756339042e-09,-4.5776364459015895e-06,0.0027409853029399037,0.002994936884078271,2.7961909770965576,-1.5675366739742458e-05,-9.094947017729282e-13,9.8100004196167,-1.0594074950631693e-08,2.1261485017021187e-08,-5.4337060025055894e-12,3.196991443634033
4332,7.8500000000000005,335.0217590332031,305.94256591796875,-0.0038089179433882236,93.17413330078125,-9.56226431299001e-05,0.0,7.247964675415227e-07,0.0,1.0,-0.022280048578977585,1,-9.98285099029772e-09,3.4063551979102158e-09,-4.57763690064894e-06,0.0027459327619867926,0.0030141817264841674,2.7961909770965576,-1.5675366739742458e-05,-9.094947017729282e-13,9.8100004196167,-2.487345973634092e-08,2.3479479693833127e-08,-5.964764272781142e-12,3.196991443634033
4333,7.9,335.0217590332031,305.94256591796875,-0.0038089179433882236,93.17413330078125,-9.56226431299001e-05,0.0,9.44140334604209e-07,0.0,1.0,-0.022280048578977585,1,2.04828376482169e-09,-1.2339063104604975e-09,-4.386901309771929e-06,0.002748922710073244,0.00301272261776765,2.7961909770965576,-1.5675366739742458e-05,-9.094947017729282e-13,9.8100004196167,-3.051888697314098e-08,2.2865997095777857e-08,-6.285088335195033e-12,3.196991443634033
4334,7.95,335.0217590332031,305.94256591796875,-0.0038089179433882236,93.17413330078125,-9.56226431299001e-05,0.0,1.1348737956098062e-06,0.0,1.0,-0.022280048578977585,1,5.561893168248844e-09,-8.57645510166094e-09,-3.8146970382513246e-06,0.002740692701213944,0.0030155552681201524,2.7961909770965576,-1.5675366739742458e-05,-9.094947017729282e-13,9.8100004196167,-2.3161323525755506e-08,1.8004978841190677e-08,-5.038957098801866e-12,3.196991443634033
4335,8.0,335.0217590332031,305.94256591796875,-0.0038089179433882236,93.17413330078125,-9.56226431299001e-05,0.0,1.3256079128856432e-06,0.0,1.0,-0.022280048578977585,1,5.448240969485596e-09,-8.58122284341789e-09,-3.814698175119702e-06,0.0027554982149427323,0.0030073648679256448,2.7961909770965576,-1.5675366739742458e-05,-9.094947017729282e-13,9.8100004196167,-1.5803347963583292e-08,1.3143946375748783e-08,-3.7695744962984445e-12,3.196991443634033
4336,8.05,335.0217590332031,305.94256591796875,-0.0038089179433882236,93.17413330078125,-9.56226431299001e-05,0.0,1.5163422859345102e-06,0.0,1.0,-0.022280048578977585,1,5.448232531790609e-09,-8.581207744384756e-09,-3.8146959013829473e-06,0.002748157529159058,0.002993666554629527,2.7961909770965576,-1.5675366739742458e-05,-9.094947017729282e-13,9.8100004196167,-8.445376842303176e-09,8.282921903912666e-09,-2.5001567656446344e-12,3.196991443634033
4337,8.1,335.0217590332031,305.94256591796875,-0.0038089179433882236,93.17413330078125,-9.56226431299001e-05,0.0,1.7070770182881494e-06,0.0,1.0,-0.022280048578977585,1,5.448232087701399e-09,-8.581205968027916e-09,-3.814698175119702e-06,0.002741271302643823,0.0030240306391526982,2.7961909770965576,-1.5675366739742458e-05,-9.094947017729282e-13,9.8100004196167,-1.0874043887554308e-09,3.4218976541211532e-09,-1.2307704768538263e-12,3.196991443634033
4338,8.15,335.0217590332031,305.94256591796875,-0.0038089179433882236,93.17413330078125,-9.56226431299001e-05,0.0,1.2397806313370028e-07,0.0,1.0,-0.022280048578977585,1,3.978028573214942e-09,-1.1140715017177172e-08,3.166198803228326e-05,0.002752248736574571,0.0029983920753686843,2.7961909770965576,-1.5675366739742458e-05,-9.094947017729282e-13,9.8100004196167,3.9782888094919144e-09,-2.774963370200112e-09,4.0822000727663843e-13,3.196991443634033
4339,8.200000000000001,335.0217590332031,305.94256591796875,-0.0038089179433882236,93.17413330078125,-9.56226431299001e-05,0.0,3.147135886411592e-07,0.0,1.0,-0.022280048578977585,1,5.454313445341086e-09,-8.580937738145167e-09,-3.8146970382513246e-06,0.0027520359636996963,0.003003610716404438,2.7961909770965576,-1.5675366739742458e-05,-9.094947017729282e-13,9.8100004196167,1.1336238614489957e-08,-7.635978960252032e-09,1.6758514064310615e-12,3.196991443634033
4340,8.25,335.0217590332031,305.94256591796875,-0.0038089179433882236,93.17413330078125,-9.56226431299001e-05,0.0,5.0544911669457e-07,0.0,1.0,-0.022280048578977585,1,5.448238304950337e-09,-8.581205968027916e-09,-3.8146970382513246e-06,0.0027510404253421675,0.0030221635938681,2.7961909770965576,-1.5675366739742458e-05,-9.094947017729282e-13,9.8100004196167,1.8694212400305332e-08,-1.249700254390973e-08,2.945267510781613e-12,3.196991443634033
4341,8.3,335.0217590332031,305.94256591796875,-0.0038089179433882236,93.17413330078125,-9.56226431299001e-05,0.0,6.961846452841244e-07,0.0,1.0,-0.022280048578977585,1,5.4482365285934975e-09,-8.581206856206336e-09,-3.8146970382513246e-06,0.00274637865927211,0.0030234292985362853,2.7961909770965576,-1.5675366739742458e-05,-9.094947017729282e-13,9.8100004196167,2.6052189738834386e-08,-1.7358029680281106e-08,4.214655100615028e-12,3.196991443634033
4342,8.35,335.0217590332031,305.94256591796875,-0.0038089179433882236,93.17413330078125,-9.56226431299001e-05,0.0,8.964561924126598e-07,0.0,1.0,-0.022280048578977585,1,-2.7865243446001386e-09,-6.310538758214079e-09,-4.005432856502011e-06,0.0027602770725439277,0.0030186382941786005,2.7961909770965576,-1.5675366739742458e-05,-9.094947017729282e-13,9.8100004196167,2.9101157039690406e-08,-2.0803382128065095e-08,5.532106456956898e-12,3.196991443634033
4343,8.4,335.0217590332031,305.94256591796875,-0.0038089179433882236,93.17413330078125,-9.56226431299001e-05,0.0,1.1253369485438636e-06,0.0,1.0,-0.022280048578977585,1,-1.0806493477844015e-08,3.3736746729573497e-09,-4.577635991154239e-06,0.002728110411358599,0.003018669148786358,2.7961909770965576,-1.5675366739742458e-05,-9.094947017729282e-13,9.8100004196167,1.4824751204400854e-08,-1.8585408767535228e-08,5.125634292002523e-12,3.196991443634033
4344,8.450000000000001,335.0217590332031,305.94256591796875,-0.0038089179433882236,93.17413330078125,-9.56226431299001e-05,0.0,1.3542183396417814e-06,0.0,1.0,-0.022280048578977585,1,-9.982842996691943e-09,3.4063529774641665e-09,-4.57763690064894e-06,0.0027464150140490765,0.0030104224987035477,2.7961909770965576,-1.5675366739742458e-05,-9.094947017729282e-13,9.8100004196167,5.453646423347891e-10,-1.6367417643436966e-08,4.594531786278333e-12,3.196991443634033
4345,8.5,335.0217590332031,305.94256591796875,-0.0038089179433882236,93.17413330078125,-9.56226431299001e-05,0.0,1.5831000376967775e-06,0.0,1.0,-0.022280048578977585,1,-9.98279237052202e-09,3.4063551979102158e-09,-4.57763690064894e-06,0.0027404222265845837,0.0030248776179171554,2.7961909770965576,-1.5675366739742458e-05,-9.094947017729282e-13,9.8100004196167,-1.3734022807909696e-08,-1.4149426519338704e-08,4.063391116637671e-12,3.196991443634033
4346,8.55,335.0217590332031,305.94256591796875,-0.0038089179433882236,93.17413330078125,-9.56226431299001e-05,0.0,3.8148624370260884e-08,0.0,1.0,-0.022280048578977585,1,6.1684057861555175e-09,2.7798925827937637e-08,3.089904930675402e-05,0.002748905116125612,0.0030223579483383955,2.7961909770965576,-1.5675366739742458e-05,-9.094947017729282e-13,9.8100004196167,-3.705528772712796e-09,7.266893753410386e-10,-1.9131997554136873e-14,3.196991443634033
4347,8.6,335.0217590332031,305.94256591796875,-0.0038089179433882236,93.17413330078125,-9.56226431299001e-05,0.0,2.6703033586805167e-07,0.0,1.0,-0.022280048578977585,1,-1.0483647727710377e-08,3.385405733524749e-09,-4.57763690064894e-06,0.0027258195469999427,0.0029957732026553285,2.7961909770965576,-1.5675366739742458e-05,-9.094947017729282e-13,9.8100004196167,-1.7983104783070303e-08,2.944666732673795e-09,-4.958144897253269e-13,3.196991443634033
4348,8.65,335.0217590332031,305.94256591796875,-0.0038089179433882236,93.17413330078125,-9.56226431299001e-05,0.0,4.959116385476287e-07,0.0,1.0,-0.022280048578977585,1,-1.7480572545025552e-09,1.1356835472042803e-09,-4.5776364459015895e-06,0.002747945190226843,0.0030144213210399184,2.7961909770965576,-1.5675366739742458e-05,-9.094947017729282e-13,9.8100004196167,-2.79534706493223e-08,3.746986720898349e-09,-1.0748999346860133e-12,3.196991443634033
4349,8.700000000000001,335.0217590332031,305.94256591796875,-0.0038089179433882236,93.17413330078125,-9.56226431299001e-05,0.0,6.961825316525682e-07,0.8500000238418579,0.0,-0.022280048578977585,1,6.271954067216257e-09,-8.548538765751346e-09,-4.00543194700731e-06,0.002754632777073808,0.0030110576068118743,2.7961909770965576,-1.5675366739742458e-05,-9.094947017729282e-13,9.8100004196167,-2.0598447392217167e-08,-1.1140279809751519e-09,6.991577320347372e-14,3.196991443634033
4350,8.75,335.0217590332031,305.94256591796875,-0.0038089179433882236,93.17413330078125,-9.56226431299001e-05,0.0,9.15528058822213e-07,0.8500000238418579,0.0,-0.022280048578977585,1,-9.766982778103284e-09,-1.547506345289662e-09,-4.386902219266631e-06,0.002754043082082304,0.003014438993658842,2.7961909770965576,-1.5675366739742458e-05,-9.094947017729282e-13,9.8100004196167,-2.620154582189116e-08,-1.7277770325563324e-09,7.878042294039156e-13,3.196991443634033
4351,8.8,335.0217590332031,305.94384765625,-0.0038195226807147264,93.17375946044922,0.001017698086798191,7.204241410363466e-05,0.03454237935766489,0.8500000238418579,0.0,-0.022280048578977585,1,-0.0314389206469059,0.6901318430900574,2.09808349609375e-05,0.0027566642451837646,0.0030106013892344085,2.796180248260498,0.49940726161003113,-0.0276944637298584,9.80577278137207,-1.7973739886656404e-05,-0.0004568416625261307,-0.00011460627865744755,3.1969847679138184
4352,8.85,335.0215148925781,305.9488525390625,-0.0038553045596927404,93.16898345947266,0.004781132098287344,0.0003696066269185394,0.1558818771152539,0.8500000238418579,0.0,-0.022261811420321465,1,-0.08817063271999359,2.425210475921631,-1.144409225162235e-06,0.0027432606963358084,0.003021301248861854,2.796144723892212,1.4336061477661133,0.010747194290161133,9.799802780151367,-0.000161029864102602,-0.0020221336744725704,-0.003345430362969637,3.196901798248291
4353,8.9,335.0209655761719,305.9619140625,-0.003941135480999947,93.16573333740234,0.013790151104331017,0.0010122157400473952,0.3140337787274855,0.8500000238418579,0.0,-0.022132975980639458,1,-0.12995804846286774,3.1603729724884033,-1.907348234908568e-07,0.002750785381466236,0.0030155078628234227,2.7960588932037354,3.124774217605591,-0.04267168045043945,9.789247512817383,-0.0002552289515733719,-0.0035739117302000523,-0.0014166987966746092,3.196845769882202
4354,8.950000000000001,335.0201110839844,305.98406982421875,-0.004068240988999605,93.16417694091797,0.027143171057105064,0.0020184784661978483,0.5038326868135602,0.8500000238418579,0.0,-0.02207951992750168,1,-0.14179758727550507,3.793335437774658,-5.91278057981981e-06,0.00274714983168961,0.003007398815283321,2.795931339263916,3.556955099105835,-0.05650830268859863,9.791595458984375,-0.000376685056835413,-0.00498021999374032,-0.0003083046758547425,3.196817636489868
4355,9.0,335.01885986328125,306.0147705078125,-0.004215488210320473,93.15464782714844,0.042620379477739334,0.003150427248328924,0.6464641689619424,0.8500000238418579,0.0,-0.02206280827522278,1,-0.11432789266109467,2.850339412689209,-2.632141149661038e-05,0.0027470140642303657,0.0030010508855056726,2.795783519744873,3.3898727893829346,-0.046756744384765625,9.79935359954834,-0.0003876788541674614,-0.005055540706962347,-0.004702683072537184,3.1966512203216553
4356,9.05,335.0172119140625,306.0540466308594,-0.004369983449578285,93.14225769042969,0.05884890630841255,0.004358803387731314,0.8614814433113784,0.8500000238418579,0.0,-0.021797845140099525,1,-0.17083950340747833,4.2969512939453125,-2.9945369533379562e-05,0.0027574030787024203,0.0030244537735785444,2.795628309249878,3.413729429244995,-0.027358531951904297,9.803528785705566,-0.0004267957992851734,-0.005796495359390974,-0.0038699510041624308,3.1964352130889893
4357,9.1,335.01513671875,306.1037292480469,-0.004532108083367348,93.1259765625,0.0758833959698677,0.005617882125079632,1.0353264323163993,0.8500000238418579,0.0,-0.021515943109989166,1,-0.13066619634628296,3.474447727203369,-2.4604800273664296e-05,0.002759815878947155,0.0029959829144921945,2.7954652309417725,4.19658088684082,-0.04917097091674805,9.801399230957031,-0.00040978705510497093,-0.005337227135896683,-0.005150943528860807,3.196150779724121
4358,9.15,335.0127258300781,306.1618347167969,-0.004674625117331743,93.10986328125,0.09086199849843979,0.006739126984030008,1.2386341988081493,0.8500000238418579,0.0,-0.021152030676603317,1,-0.15285879373550415,4.063284397125244,-6.103509804233909e-06,0.0027662544265839523,0.003020939814166098,2.7953217029571533,3.3976402282714844,-0.05471324920654297,9.812273979187012,-0.00040218234062194824,-0.005042797885835171,-0.006616312079131603,3.1958701610565186
4359,9.200000000000001,335.00994873046875,306.22955322265625,-0.004799976013600826,93.09387969970703,0.10401011258363724,0.007722711656242609,1.4364763971254562,0.8500000238418579,0.0,-0.0208303052932024,1,-0.15425972640514374,3.953835964202881,9.15527380129788e-06,0.0027279551161334356,0.0030195459879264696,2.7951953411102295,3.910240411758423,-0.0614924430847168,9.809863090515137,-0.0003272215835750103,-0.004396958742290735,-0.006360149942338467,3.1955902576446533
