time,seconds_elapsed,mslAltitudeAccuracy,bearingAccuracy,speedAccuracy,verticalAccuracy,horizontalAccuracy,speed,altitudeAboveMeanSeaLevel,bearing,altitude,longitude,latitude
1789130050868000000,0.274,,0,0,1.4753434658050537,14.699999809265137,0,,0,806.8999633789062,-46.5395885,-23.6717313
1789130052724327000,2.130326904296875,,44.5,0.4399999976158142,1.4754103422164917,12.706999778747559,3.1499998569488525,,0,806.8999633789062,-46.5394896,-23.6716331
1789130053603996400,3.009996337890625,,28.700000762939453,0.3799999952316284,1.4869871139526367,10.85200023651123,4.019999980926514,,4,806.8999633789062,-46.5394109,-23.6715479
1789130054609884200,4.01588427734375,,25.100000381469727,0.3499999940395355,1.5070472955703735,10.052000045776367,4.650000095367432,,12,806.8999633789062,-46.5395396,-23.6715258
1789130055603642000,5.00964208984375,,27.5,0.6200000047683716,1.5108453035354614,9.673999786376953,7.009999752044678,,17,806.8999633789062,-46.5394453,-23.671533
1789130056592424400,5.998424560546875,,18.799999237060547,0.47999998927116394,1.5145132541656494,8.366999626159668,8.389999389648438,,19,806.8999633789062,-46.539481,-23.6714466
1789130057605730300,7.011730224609375,,13.899999618530273,0.41999998688697815,1.5087858438491821,8.248000144958496,10.260000228881836,,19,806.8999633789062,-46.5394093,-23.67137
1789130058616267000,8.02226708984375,,13.5,0.4699999988079071,1.499491810798645,7.85699987411499,10.59000015258789,,20,806.8999633789062,-46.539428,-23.6712547
1789130059593507000,8.999507080078125,,12.699999809265137,0.47999998927116394,1.5005781650543213,7.822999954223633,11.460000038146973,,19,806.8999633789062,-46.5394064,-23.6711968
1789130060606596000,10.01259619140625,,11.899999618530273,0.49000000953674316,1.5158156156539917,7.755000114440918,9.519999504089355,,18,806.8999633789062,-46.5393591,-23.6711074
1789130061601851400,11.007851318359375,,14.899999618530273,0.6499999761581421,1.512954592704773,8.265000343322754,8.739999771118164,,17,806.8999633789062,-46.5393684,-23.6710019
1789130062601849600,12.007849609375,,1.2000000476837158,0.5199999809265137,1.5205110311508179,7.48199987411499,8.539999961853027,,10,806.8999633789062,-46.5393059,-23.6709523
1789130063601848600,13.0078486328125,,1.399999976158142,0.6200000047683716,1.5263983011245728,6.88700008392334,8.710000038146973,,17,806.8999633789062,-46.539302,-23.6708748
1789130064601847300,14.007847412109374,,2.4000000953674316,0.8500000238418579,1.5334053039550781,5.815999984741211,6.519999980926514,,359,806.8999633789062,-46.539306,-23.6708107
1789130065601846000,15.007845947265626,,1.5,0.49000000953674316,1.5558240413665771,5.271999835968018,4.759999752044678,,347,806.8999633789062,-46.5393076,-23.6707528
1789130066601844500,16.007844482421874,,3.4000000953674316,0.5099999904632568,1.5552761554718018,4.421000003814697,2,,343,806.8999633789062,-46.5393144,-23.670718
1789130067601843200,17.00784326171875,,0,0.36000001430511475,1.5520763397216797,3.1459999084472656,0,,0,806.8999633789062,-46.5393201,-23.6707141
1789130068601842000,18.007842041015625,,12.199999809265137,0.38999998569488525,1.5598945617675781,2.9760000705718994,0.4399999976158142,,336,806.8999633789062,-46.5393175,-23.6707171
1789130069601840400,19.00784033203125,,0,0.03999999910593033,1.5654784440994263,2.7209999561309814,0,,0,806.8999633789062,-46.5393176,-23.6707176
1789130070601839000,20.007839111328124,,0,0.03999999910593033,1.5895172357559204,2.635999917984009,0,,0,806.8999633789062,-46.5393176,-23.6707175
1789130071601837600,21.007837646484376,,0,0.03999999910593033,1.579148769378662,2.635999917984009,0,,0,806.8999633789062,-46.5393177,-23.6707175
1789130072601836300,22.007836181640624,,0,0.03999999910593033,1.6998783349990845,2.635999917984009,0,,0,807.5999755859375,-46.5393177,-23.6707175
1789130073601834800,23.007834716796875,,0,0.03999999910593033,1.690574288368225,2.5510001182556152,0,,0,807.5999755859375,-46.5393177,-23.6707175
1789130074601833200,24.007833251953127,,0,0.029999999329447746,1.7335636615753174,2.5510001182556152,0,,0,807.5999755859375,-46.5393177,-23.6707175
1789130075601832000,25.00783203125,,0,0.019999999552965164,1.641648292541504,2.5510001182556152,0,,0,807.5999755859375,-46.5393177,-23.6707175
1789130076601830400,26.007830322265626,,0,0.23999999463558197,1.6466976404190063,2.5510001182556152,0,,0,807.5999755859375,-46.5393177,-23.6707175
1789130077601828900,27.007828857421874,,24.100000381469727,0.36000001430511475,1.6927295923233032,2.4660000801086426,2.450000047683716,,336,807.5999755859375,-46.5393249,-23.6707071
1789130078601827600,28.00782763671875,,1.5,0.3799999952316284,1.918687343597412,2.4660000801086426,4.25,,345,807.5,-46.5393296,-23.6706752
1789130079601826000,29.007825927734373,,1.2000000476837158,0.4099999964237213,1.8818598985671997,2.38100004196167,5.769999980926514,,349,807.5,-46.5393387,-23.6706283
1789130080601824800,30.00782470703125,,1.100000023841858,0.4000000059604645,1.898253321647644,2.2960000038146973,6.37999963760376,,346,807.5,-46.5393479,-23.6705689
1789130081601823000,31.007822998046876,,1.2999999523162842,0.4000000059604645,1.9092613458633423,2.2109999656677246,6.940000057220459,,344,807.5,-46.5393664,-23.6705059
1789130082601821700,32.00782177734375,,0.8999999761581421,0.3100000023841858,1.9389541149139404,2.125999927520752,7.849999904632568,,342,807.5,-46.5393865,-23.6704389
1789130083601820200,33.00782006835937,,1,0.30000001192092896,1.9496806859970093,2.125999927520752,7.230000019073486,,342,807.5,-46.5394126,-23.6703743
1789130084601818600,34.007818603515624,,0.5,0.20000000298023224,1.9965885877609253,1.9559999704360962,7.089999675750732,,343,807.5,-46.5394335,-23.6703151
1789130085601817000,35.007817138671875,,1,0.3199999928474426,1.961239218711853,1.871000051498413,7.349999904632568,,341,807.5,-46.5394534,-23.6702542
1789130086601815600,36.00781567382813,,0.6000000238418579,0.28999999165534973,1.9691038131713867,1.7860000133514404,8.59000015258789,,341,807.5,-46.5394793,-23.6701857
1789130087601814000,37.00781396484375,,0.800000011920929,0.3199999928474426,1.9753379821777344,1.7009999752044678,8.670000076293945,,342,807.5,-46.5395061,-23.6701109
1789130088601812500,38.0078125,,1,0.38999998569488525,1.9814962148666382,1.6160000562667847,8.220000267028809,,343,807.5,-46.5395312,-23.6700367
1789130089601811000,39.00781103515625,,0.4000000059604645,0.25,2.0052390098571777,1.531000018119812,8.5,,344,807.5,-46.5395534,-23.6699638
1789130090601809400,40.00780932617187,,0.8999999761581421,0.4000000059604645,2.0598349571228027,1.531000018119812,8.989999771118164,,349,807.5,-46.5395736,-23.669887
1789130096601799700,46.00779956054687,,0.699999988079071,0.30000001192092896,2.0990147590637207,2.0409998893737793,9.90999984741211,,51,807.5,-46.5393368,-23.6695112
1789130196683000000,146.089,,0,0,1.65385103225708,17.32699966430664,0,,0,805,-46.5405879,-23.6653953
1789130198254363100,147.66036303710936,,0,0.41999998688697815,1.4821630716323853,13.255000114440918,0,,0,805,-46.540547,-23.6654443
1789130198601634800,148.007634765625,,0,0.44999998807907104,1.4736233949661255,11.727999687194824,0,,0,805,-46.5405389,-23.6654176
1789130199601593600,149.00759350585938,,0,0.3499999940395355,1.4589992761611938,11.60200023651123,0,,0,805,-46.5405189,-23.6655176
1789130200601591800,150.007591796875,,0,0.30000001192092896,1.4204719066619873,9.791000366210938,0.019999999552965164,,0,805,-46.5405372,-23.6654687
1789130201601590300,151.00759033203124,,0,0.029999999329447746,1.4639129638671875,8.670000076293945,0,,0,805,-46.5405379,-23.6654691
1789130202601588500,152.00758837890626,,0,0.03999999910593033,1.6735866069793701,6.376999855041504,0,,0,805,-46.540539,-23.6654695
1789130203601587000,153.0075869140625,,0,0.05000000074505806,1.6959484815597534,5.355999946594238,0,,0,805,-46.540539,-23.6654695
1789130204601585400,154.00758544921874,,0,0.029999999329447746,1.4343349933624268,4.50600004196167,0,,0,805,-46.540539,-23.6654695
