time,seconds_elapsed,relativeAltitude,pressure
1791048994830002000,-0.497998046875,0,929.0589141845703
1791048995870587000,0.5425869140625,0.0501708984375,929.0530395507812
1791048996911156700,1.58315673828125,0.10302734375,929.0471649169922
1791048997951712800,2.623712646484375,0.19549560546875,929.0370178222656
1791048998992278800,3.66427880859375,0.28009033203125,929.0274810791016
1791049000032823800,4.70482373046875,0.3778076171875,929.0165710449219
1791049000542168800,5.2141689453125,0.45184326171875,929.0081024169922
1791049001582670600,6.254670654296875,0.4676513671875,929.00634765625
1791049002623239000,7.295239013671875,0.459716796875,929.0074157714844
1791049003663822600,8.335822509765626,0.459716796875,929.0074157714844
1791049004704409900,9.376409912109375,0.433349609375,929.0102386474609
1791049005745005800,10.417005859375,0.38311767578125,929.0158843994141
1791049006785587700,11.457587646484376,0.37518310546875,929.0166473388672
1791049007826145800,12.498145751953125,0.37518310546875,929.0166473388672
1791049008866658600,13.538658447265625,0.3857421875,929.0157318115234
1791049009907202800,14.579202880859375,0.3857421875,929.0157318115234
1791049010947773700,15.619773681640625,0.32501220703125,929.0224456787109
1791049011988320000,16.660320068359376,0.224609375,929.0335845947266
1791049013028908800,17.70090869140625,0.132080078125,929.0441131591797
1791049014069453800,18.741453857421874,0.0211181640625,929.0564727783203
1791049015109912800,19.781912841796874,-0.07666015625,929.0673065185547
1791049016150365000,20.822364990234377,-0.12158203125,929.0724182128906
1791049017190870800,21.862870849609376,-0.18499755859375,929.07958984375
1791049018231358700,22.903358642578127,-0.2774658203125,929.0898895263672
1791049019271867600,23.94386767578125,-0.420166015625,929.1058349609375
1791049020312354800,24.984354736328125,-0.62359619140625,929.1287231445312
1791049021352834800,26.024834716796875,-0.8878173828125,929.1583251953125
1791049022393322800,27.06532275390625,-1.19171142578125,929.1924285888672
1791049023433809700,28.1058095703125,-1.537841796875,929.2311859130859
1791049024474256600,29.146256591796874,-1.96063232421875,929.2782592773438
1791049025514728700,30.186728759765625,-2.42303466796875,929.3300628662109
1791049026555189800,31.227189697265626,-2.90130615234375,929.3836212158203
1791049027595680800,32.2676806640625,-3.3372802734375,929.4327545166016
1791049028636194800,33.30819482421875,-3.78118896484375,929.4823455810547
1791049029676666600,34.34866650390625,-4.21453857421875,929.5307922363281
1791049030717133800,35.3891337890625,-4.60028076171875,929.573974609375
1791049031757635800,36.4296357421875,-4.8751220703125,929.6047973632812
1791049032798077700,37.47007763671875,-5.11029052734375,929.63134765625
1791049033838539000,38.5105390625,-5.23974609375,929.6458435058594
1791049034879030800,39.55103076171875,-5.255615234375,929.6475982666016
1791049035919466800,40.591466796875,-5.2767333984375,929.6497344970703
1791049036959935700,41.63193579101563,-5.2767333984375,929.6497344970703
1791049038000371700,42.672371826171876,-5.2926025390625,929.6516418457031
1791049039040838700,43.71283862304688,-5.3507080078125,929.6580505371094
1791049040081269800,44.75326977539063,-5.40887451171875,929.6646881103516
1791049041121735000,45.79373486328125,-5.4775390625,929.6724700927734
1791049042162190600,46.834190673828125,-5.5673828125,929.6824645996094
1791049043202666800,47.87466674804688,-5.70745849609375,929.6981048583984
1791049044243115800,48.91511572265625,-5.86065673828125,929.7152709960938
1791049045283591000,49.9555908203125,-6.045654296875,929.7360992431641
1791049046324069600,50.99606958007813,-6.19891357421875,929.7531890869141
1791049047364535800,52.03653588867188,-6.3072509765625,929.7653961181641
1791049048405009000,53.0770087890625,-6.40765380859375,929.776611328125
1791049049445522700,54.11752270507812,-6.52655029296875,929.7898864746094
1791049050485944800,55.15794482421875,-6.6798095703125,929.8072052001953
1791049051526360800,56.19836083984375,-6.99688720703125,929.8427581787109
1791049052566778600,57.23877856445313,-7.42755126953125,929.8907470703125
1791049053607224600,58.279224609375,-7.9639892578125,929.9510192871094
1791049054647702800,59.319702880859374,-8.56903076171875,930.0186920166016
1791049055688112600,60.36011254882813,-9.150390625,930.0840759277344
1791049056728562000,61.40056201171875,-9.6708984375,930.1423645019531
1791049057769027600,62.44102758789062,-10.09368896484375,930.1897430419922
1791049058809471700,63.4814716796875,-10.44775390625,930.2294158935547
1791049059849883000,64.5218828125,-10.65118408203125,930.2520751953125
1791049060890269700,65.56226977539062,-10.65118408203125,930.2520751953125
1791049061930691800,66.60269189453125,-10.59307861328125,930.2455139160156
1791049062971113700,67.64311376953125,-10.34735107421875,930.2182006835938
1791049064011510800,68.6835107421875,-9.9615478515625,930.1748657226562
1791049065051872800,69.72387280273438,-9.4912109375,930.1222229003906
1791049066092246800,70.76424682617187,-9.0208740234375,930.0693511962891
1791049067132604000,71.80460400390625,-8.5294189453125,930.0142669677734
1791049068172991700,72.84499169921875,-8.0670166015625,929.9624633789062
1791049069213396700,73.88539672851563,-7.6654052734375,929.9174499511719
1791049070253853700,74.92585375976563,-7.3800048828125,929.8854827880859
1791049071294263800,75.96626391601562,-7.1580810546875,929.8606872558594
1791049072334666800,77.00666674804687,-6.9915771484375,929.8420715332031
1791049073374994000,78.04699389648438,-6.8436279296875,929.8253631591797
1791049074415355600,79.08735571289063,-6.70361328125,929.8097991943359
1791049075455743700,80.12774365234375,-6.4921875,929.7859954833984
1791049076496065800,81.16806567382812,-6.24908447265625,929.7589111328125
1791049077536461800,82.2084619140625,-6.0509033203125,929.7364807128906
1791049078576931800,83.24893188476562,-5.897705078125,929.7194671630859
1791049079617351700,84.2893515625,-5.77349853515625,929.7055816650391
1791049080657745000,85.32974487304688,-5.6783447265625,929.6947479248047
1791049081698152700,86.37015258789063,-5.57269287109375,929.6829986572266
1791049082738548700,87.410548828125,-5.46697998046875,929.6710968017578
1791049083778934800,88.45093481445312,-5.29522705078125,929.6519470214844
1791049084819329800,89.49132983398438,-5.10235595703125,929.6302032470703
1791049085859743700,90.53174365234375,-4.88299560546875,929.6056365966797
1791049086900151800,91.57215185546875,-4.6795654296875,929.5829772949219
1791049087940558600,92.61255859375,-4.46820068359375,929.559326171875
1791049088980916700,93.65291674804688,-4.29376220703125,929.539794921875
1791049090021275600,94.69327563476563,-4.13262939453125,929.5217132568359
1791049091061609700,95.73360961914062,-3.9766845703125,929.5041656494141
1791049092101947000,96.77394677734375,-3.8287353515625,929.4875335693359
1791049093142280700,97.81428076171875,-3.77325439453125,929.4813537597656
1791049094182625800,98.85462573242188,-3.7679443359375,929.4809722900391
1791049095222929700,99.8949296875,-3.77325439453125,929.4813537597656
1791049096263251000,100.9352509765625,-3.7626953125,929.4802093505859
1791049097303574800,101.97557470703126,-3.7547607421875,929.4792175292969
1791049098343862800,103.01586279296875,-3.68341064453125,929.4715118408203
1791049099384169000,104.0561689453125,-3.57244873046875,929.4589233398438
1791049100424483800,105.09648388671874,-3.49053955078125,929.4496917724609
1791049101464827600,106.13682763671875,-3.3953857421875,929.4390869140625
1791049102505145900,107.17714575195312,-3.3795166015625,929.4374084472656
1791049103545441800,108.21744189453125,-3.37164306640625,929.4365692138672
1791049104585730800,109.25773071289062,-3.3504638671875,929.4339752197266
1791049105626046700,110.29804663085937,-3.30291748046875,929.4286346435547
1791049106666321000,111.33832080078125,-3.24481201171875,929.4223785400391
1791049107706627800,112.3786279296875,-3.2025146484375,929.4173431396484
1791049108746918700,113.41891870117188,-3.15228271484375,929.4117736816406
1791049109787218000,114.45921801757812,-3.10736083984375,929.4068908691406
1791049110827524600,115.49952465820313,-3.07305908203125,929.4029998779297
1791049111867831800,116.53983178710938,-3.04132080078125,929.3993377685547
1791049112908079900,117.58007983398437,-3.01226806640625,929.3960571289062
1791049113948360700,118.62036059570312,-2.9647216796875,929.3909454345703
1791049114988627700,119.66062768554687,-2.93829345703125,929.3879699707031
1791049116028885000,120.70088500976563,-2.93035888671875,929.3871307373047
1791049117069118700,121.74111865234374,-2.9197998046875,929.3858337402344
1791049118109386800,122.78138671875,-2.87750244140625,929.3810272216797
1791049119149640000,123.82163989257812,-2.81146240234375,929.3736267089844
1791049120189883000,124.8618828125,-2.6951904296875,929.3607330322266
1791049121230118000,125.90211791992188,-2.5472412109375,929.3440246582031
1791049122270343700,126.94234375,-2.3648681640625,929.32373046875
1791049123310547000,127.982546875,-2.16143798828125,929.3009185791016
1791049124350787800,129.02278784179688,-1.96063232421875,929.2784881591797
1791049125391030800,130.06303076171875,-1.80474853515625,929.2608642578125
1791049126431255800,131.103255859375,-1.62506103515625,929.24072265625
1791049127471473700,132.1434736328125,-1.46124267578125,929.222412109375
1791049128511701000,133.18370092773438,-1.31854248046875,929.2064666748047
1791049129551914800,134.22391479492188,-1.15203857421875,929.1877746582031
1791049130592134000,135.2641337890625,-1.0093994140625,929.1719055175781
1791049131632355600,136.30435546875,-0.87200927734375,929.1564178466797
1791049132672600800,137.34460083007812,-0.73455810546875,929.1411590576172
1791049133712816600,138.38481665039063,-0.626220703125,929.1290283203125
1791049134752999700,139.42499975585937,-0.54168701171875,929.1192626953125
1791049135793212700,140.4652126464844,-0.50732421875,929.1156768798828
1791049136833414000,141.5054138183594,-0.4993896484375,929.1148376464844
1791049137873575700,142.54557568359374,-0.4993896484375,929.1148376464844
1791049138913746000,143.58574584960937,-0.47564697265625,929.1119384765625
1791049139953922800,144.6259228515625,-0.433349609375,929.1074371337891
1791049140994054000,145.66605395507813,-0.34881591796875,929.0979766845703
1791049142034254800,146.7062548828125,-0.23516845703125,929.0850067138672
1791049143074472700,147.74647265625,-0.150634765625,929.0756988525391
1791049144114706000,148.78670581054686,-0.0687255859375,929.0663909912109
