time,seconds_elapsed,altitude,speedAccuracy,bearingAccuracy,latitude,altitudeAboveMeanSeaLevel,bearing,horizontalAccuracy,verticalAccuracy,longitude,speed
1791048995242754800,-0.0852451171875,767.3008156595764,-1,-1,-23.647871701467693,770.7108157454071,-1,18.344419112905317,3,-46.573238048437005,-1
1791048997010066000,1.68206591796875,758.706787109375,1.3300000429153442,12.818645641956216,-23.648002599388033,762.1167871952057,0.3300807154024904,14,4,-46.57303906050191,2.069999933242798
1791048998014928100,2.68692822265625,761.6646728515625,1.0399999618530273,43.60514001993908,-23.648001467831104,765.0746729373932,0.703125,3.5355339059327373,3,-46.57303755175934,1.3700000047683716
1791048999016063000,3.68806298828125,764.716064453125,0.3499999940395355,7.351110622536699,-23.64797540011224,768.1260645389557,3.515625,3.5355339059327373,3,-46.57303151678906,1.3700000047683716
1791049000014780200,4.6867802734375,763.950439453125,0.12999999523162842,2.1872528222543397,-23.647946608274847,767.3604395389557,1.0546875,3.5355339059327373,3,-46.5730363782929,3.1500000953674316
1791049001011605000,5.68360498046875,763.88818359375,0.09000000357627869,1.3910829637502233,-23.647909895538955,767.2981836795807,0.600297749042511,3.5355339059327373,3,-46.57303470191226,4.409999847412109
1791049001999689200,6.671689208984375,763.7791748046875,0.2800000011920929,3.8646533673083834,-23.647868321299224,767.1891748905182,0.600297749042511,3.5355339059327373,3,-46.57303319316969,4.840000152587891
1791049002999696100,7.671696044921875,763.5947265625,0.1599999964237213,2.12727180851058,-23.647824693493217,767.0047266483307,0.600297749042511,3.5355339059327373,3,-46.573032774074534,4.840000152587891
1791049003999694800,8.67169482421875,763.08740234375,0.07000000029802322,1.1686127101472126,-23.647785466186374,766.4974024295807,0.600297749042511,3.5355339059327373,3,-46.573031432970026,4.840000152587891
1791049004999708000,9.6717080078125,763.233642578125,0.07000000029802322,1.2836003322065523,-23.647751477569013,766.6436426639557,1.7566783428192139,3.5355339059327373,3,-46.57303017568455,4.139999866485596
1791049005999718700,10.67171875,763.1875,0.07000000029802322,1.5753599734532864,-23.64772205708888,766.5975000858307,1.7566783428192139,3.5355339059327373,3,-46.57302900221811,3.0999999046325684
1791049006999716400,11.67171630859375,763.2335205078125,0.07000000029802322,1.8861251496741098,-23.64769716283646,766.6435205936432,357.81195068359375,3.5355339059327373,3,-46.573028918399075,3.0999999046325684
1791049007999724000,12.67172412109375,763.103271484375,0.07000000029802322,2.281758734705221,-23.6476761242595,766.5132715702057,357.81195068359375,3.5355339059327373,3,-46.57302958895133,2.5299999713897705
1791049008999737900,13.67173779296875,763.1032713837922,0.3080157138848356,9.864838671198694,-23.647653304209502,766.5132714696229,357.38494873046875,4.748651530191845,4.029364438188467,-46.573030653592774,2.52999997138957
1791049009999737300,14.6717373046875,763.2087401319295,0.3080157138848356,9.864838671208455,-23.647631452688955,766.6187402177602,357.38494873046875,4.748651530191845,4.029364438188467,-46.573035557718086,2.52999997138957
1791049010999744800,15.671744873046874,762.9573974916711,0.3080157138848293,8.788043066962786,-23.64760348742479,766.3673975775018,357.38494873046875,4.748651530191866,4.029364438188441,-46.57302003737966,2.8399999141690273
1791049011999755300,16.67175537109375,762.86315948423,0.30801571388481586,7.340600251734589,-23.647565336694342,766.2731595700607,347.8345947265625,4.748651530191911,4.029364438188388,-46.5730192189241,3.4000000953669436
1791049012999752400,17.67175244140625,762.7873537950218,0.30801571388481724,7.450161870568286,-23.647535338972265,766.1973538808525,347.8345947265625,4.748651530191907,4.029364438188393,-46.573026238896254,3.349999904632102
1791049013999759600,18.671759521484375,762.728637973778,0.30801571388481713,7.450161870562056,-23.64750945754718,766.1386380596086,347.8345947265625,4.748651530191907,4.029364438188392,-46.57303229546282,3.3499999046321016
1791049014999771600,19.671771728515626,762.7885740827769,1.3600000143050142,7.47026921185472,-23.647495540667183,766.1985741686076,355.8897317129368,4.748651530191839,4.029364438188473,-46.573035552173934,2.440000057220279
1791049015999772700,20.671772705078126,762.7393798185512,0.9499999880789902,7.497495097867709,-23.647476202048598,766.1493799043819,3.5156243684560597,4.74865153019185,4.029364438188459,-46.57305835694387,2.6199998855588587
1791049016999773400,21.6717734375,762.6547850910574,0.6000000238418068,18.55613936180703,-23.64745114469299,766.0647851768881,347.8345947265625,4.748651530191851,4.029364438188459,-46.573057876386905,2.619999885558859
1791049017999772700,22.671772705078126,762.4860840244219,0.30801571388482885,8.726588276694317,-23.64741968389685,765.8960841102526,347.8345947265625,4.748651530191868,4.029364438188439,-46.573058942911615,2.859999895095535
1791049018999772700,23.671772705078126,762.4842537129298,0.30801571388479265,7.258974518683267,-23.647373832344908,765.8942537987605,347.8345947265625,4.74865153019199,4.029364438188295,-46.57307322942131,4.1999998092642175
1791049019999772200,24.671772216796874,762.213502259925,0.30801571388476845,7.258974518678665,-23.64733227374959,765.6235023457557,331.0784606933594,4.748651530192073,4.029364438188198,-46.57310074698749,4.900000095365974
1791049020999771100,25.671771240234374,761.9515393683687,0.3080157138847687,7.258974518681684,-23.64729305721145,765.3615394541994,312.5382080078125,4.748651530192071,4.029364438188199,-46.57313972225256,4.900000095365978
1791049021999769000,26.67176904296875,760.8576675020158,0.3080157138847589,7.258974518680857,-23.64726013517376,764.2676675878465,312.5382080078125,4.748651530192105,4.02936443818816,-46.57317867073856,5.159999847410414
1791049022999766800,27.671766845703125,760.0861835237592,0.3080157138847397,7.258974518677471,-23.64722406404239,763.4961836095899,312.5382080078125,4.74865153019217,4.029364438188083,-46.57322134594654,5.630000114438718
1791049023999763700,28.671763671875,759.5588403316215,0.3080157138847129,7.258974518677426,-23.647221728097456,762.9688404174522,289.2704772949219,4.7486515301922605,4.029364438187976,-46.57330107656829,6.230000019070509
1791049024999761700,29.67176171875,758.6743191322312,0.3080157138846991,7.258974518685624,-23.647205586030747,762.0843192180619,289.2704772949219,4.748651530192308,4.029364438187921,-46.5733674835409,6.519999980923106
1791049025999757800,30.6717578125,758.1126736262813,0.3080157138846992,7.2589745186800725,-23.647192058035458,761.522673712112,272.7117919921875,4.748651530192308,4.029364438187923,-46.57343447456771,6.519999980923109
1791049026999754500,31.67175439453125,757.6853059027344,0.3080157138846779,7.258974518681098,-23.647187073835152,761.0953059885651,277.7344020320804,4.7486515301923795,4.029364438187836,-46.57350970811495,6.940000057216355
1791049027999750000,32.67175,757.0720246527344,0.30801571388467797,7.2589745186793,-23.647190001269205,760.4820247385651,270.70315227819447,4.7486515301923795,4.029364438187836,-46.57357695783972,6.940000057216356
1791049028999745300,33.67174536132813,754.9227642733604,1.3020309878304424,16.20716673298557,-23.647204340924272,758.3327643591911,267.53532574697886,7.9999997135039935,3.01959957061857,-46.57366962089924,6.509218625298963
1791049029999741200,34.6717412109375,754.9911432554945,1.2911837186722155,16.777760957526624,-23.647223817168573,758.4011433413252,260.1329925609571,7.999999692506936,3.0352237421405355,-46.573729339876934,6.235591853943539
1791049030999735800,35.67173583984375,754.6236363016069,1.2003736860938903,16.281981557574653,-23.64720842845936,758.0336363874376,261.9862060546875,7.999999691445795,3,-46.57379301663759,6.100445017148867
1791049031999732200,36.67173217773438,754.3590463316068,1.2984085900955398,19.593823935546517,-23.6472143605657,757.7690464174375,262.7049255371094,7.999999743277731,3,-46.57384345824657,5.369015670577392
1791049032999726300,37.671726318359376,754.32393176388,0.7173408292671467,18.31119060794365,-23.647227886268343,757.7339318497106,262.7049255371094,7.99999943988827,5.691258457678925,-46.5738583204338,3.179331328940274
1791049033999720400,38.671720458984375,754.7330301757902,0.714354461301664,18.18368436723315,-23.64723322593908,758.1430302616209,262.4252624511719,7.999999445032423,5.834675574924262,-46.573881460356496,2.9813441052827265
1791049034999715300,39.67171533203125,754.9652286404744,0.7490380117265617,18.47567400670465,-23.647236904573315,758.3752287263051,262.4252624511719,7.999999465679975,5.646494747150815,-46.573910153386784,3.1105263747396092
1791049035999709700,40.671709716796876,754.3507288079709,0.71844305649727,14.253971021989459,-23.647242018593435,757.7607288938016,262.4252624511719,7.999999255625709,5.825755508397948,-46.57395057706992,4.077186064470656
1791049036999704000,41.6717041015625,754.2709465194494,0.7185361804880197,11.576976903220437,-23.647248430101,757.68094660528,262.4252624511719,7.999999068238144,5.852159859946428,-46.5740020489416,5.027817184847885
1791049037999697200,42.671697265625,753.8628179943189,0.7182608182705524,9.930868578620561,-23.647254715122596,757.2728180801496,259.68280029296875,7.999998600492387,7.042083156274319,-46.574062077690584,5.839294341255918
1791049038999692000,43.67169213867187,753.6425682008266,0.7181551619886264,8.880703990343681,-23.64726827020047,757.0525682866573,259.68280029296875,7.9999983944134,6.995340565608207,-46.57412908246091,6.520988073068486
1791049039999686000,44.671685791015626,753.5602641869336,0.718259007373506,8.275516844377947,-23.647281486889938,756.9702642727643,259.68280029296875,7.999998233043868,6.943928978189402,-46.574197608107895,7.009548379580865
1791049040999678700,45.6716787109375,753.673898906447,0.7184917237757482,7.873773570888573,-23.647294002956748,757.0838989922777,259.68280029296875,8.231704118874335,6.941398700077986,-46.574273384093225,7.388756763191928
1791049041999672000,46.671672119140624,753.5779648767784,0.7184830903511441,8.003564932023437,-23.6473043384747,756.9879649626091,259.68280029296875,8.178123257663657,6.738967453299778,-46.5743436524888,7.268468125930889
1791049042999665200,47.6716650390625,753.48870230373,0.7185356750114473,8.046759169443742,-23.647316043819597,756.8987023895606,259.68280029296875,8.13165240757058,6.568664677922811,-46.57441468045176,7.2336629274540885
1791049043999660000,48.67165991210938,752.9586496194825,0.7179605652543143,8.87408526965103,-23.64732689512369,756.3686497053131,259.68280029296875,8.100506982952792,6.6459328849670225,-46.57447364022819,6.516962957102444
1791049044999652000,49.671652099609375,753.5097284577787,0.8842211787057317,11.790529577714478,-23.647336333217588,756.9197285436094,259.68280029296875,8.078660762277922,5.952177389028508,-46.574533084781294,6.069546361407567
1791049045999644200,50.67164404296875,752.7405086122453,0.9702954446232088,14.661785032057999,-23.647344343501796,756.150508698076,259.68280029296875,8.063933063724384,5.358787009606396,-46.57458301450748,5.350001729342185
1791049046999637000,51.671636962890624,752.2056441772729,0.7179793212573552,14.121565732409401,-23.647349979994562,755.6156442631036,259.6288146972656,8.053277730099465,6.685308627501234,-46.57461465999508,4.0875660477576625
1791049047999630000,52.671630126953126,752.5744554251432,0.8865517233624267,17.20087307438567,-23.647356142685805,755.9844555109739,259.6288146972656,8.045666746798268,5.919062667427988,-46.574651854977155,4.086215081762969
1791049048999623000,53.671622802734376,751.7590482989326,0.9925278460085507,19.728103087048677,-23.647361316354637,755.1690483847633,259.6288146972656,8.039958402549907,5.00419424385221,-46.574682171451656,3.922391504283226
1791049049999614700,54.67161474609375,751.7741676485166,0.8743636029082654,15.710057556570774,-23.64736794619883,755.1841677343473,259.6288146972656,8.035518422895839,4.980025608862559,-46.5747237556575,4.505922247971079
1791049050999608000,55.67160815429688,751.3827277403325,0.9111790209355931,14.6611260207244,-23.647373665387022,754.7927278261632,259.6288146972656,8.03196650702318,5.1207113235720225,-46.57476968483245,5.027960590947171
1791049051999599600,56.671599609375,750.8213713634759,0.7177293423327291,9.622423777932669,-23.6473523430454,754.2313714493066,271.07220458984375,8.028968584764606,5.780966279037274,-46.574841428070854,6.031611461695439
1791049052999592200,57.67159228515625,750.2872694311664,0.7175747381643708,8.728370029053272,-23.647351188509305,753.697269516997,271.07220458984375,8.026116528166137,5.775484527699268,-46.57490839111552,6.648386693490664
1791049053999584300,58.67158422851563,749.3993244282901,0.7170058301476703,8.605986415344283,-23.647350068221353,752.8093245141208,271.07220458984375,8.022896633698641,5.642646157343999,-46.574973367594026,6.726460676146172
1791049054999576600,59.67157666015625,748.5738645996898,0.7162111008203738,8.48740385493798,-23.647362547760668,751.9838646855205,274.773193359375,8.019443484347567,5.573572447391945,-46.57504041494822,6.789692804312357
1791049055999569400,60.6715693359375,747.7704882854596,0.7151245119068929,9.31889893275084,-23.647342950469582,751.1804883712903,274.773193359375,8.016566022787261,5.644974602244142,-46.57509546449887,6.167143946351919
1791049056999560400,61.671560546875,747.4176894892007,0.7161432812317835,10.319620689716327,-23.64733896294684,750.8276895750314,274.773193359375,8.01448085056307,5.6017944865371625,-46.57514730255308,5.59880555165796
1791049057999553800,62.6715537109375,746.980042819865,0.7160343251547618,11.333478398492035,-23.647380309498274,750.3900429056957,267.5318603515625,8.012871766604468,5.576474370848301,-46.57519678069066,5.096939381519996
1791049058999545600,63.67154565429688,746.8834087708965,0.7181357614881348,11.793088907602513,-23.647368659692894,750.2934088567272,267.5318603515625,8.011584429949039,5.64788440865862,-46.57524056041949,4.930633872766895
1791049059999537000,64.67153686523437,746.6379249291494,0.7197407462444088,11.03352222760533,-23.647370128479437,750.0479250149801,267.44927978515625,8.01053112651255,5.670572272939854,-46.57527707185517,5.282361533357769
1791049060999530200,65.6715302734375,746.026837201789,0.8141103139675083,12.601568043726314,-23.647492019389155,749.4368372876197,182.3456573486328,8.009653660910574,5.246763857471203,-46.575217914509594,5.228770562486068
1791049061999521500,66.671521484375,746.4827118869871,0.8015842757224763,11.827481538025538,-23.647544732318803,749.8927119728178,182.3456573486328,8.008911192091617,4.841387008295205,-46.575220258445114,5.489236469001871
1791049062999514000,67.67151416015625,747.4393432307988,0.7145821428146795,10.507365895522366,-23.64759003344445,750.8493433166295,182.3456573486328,8.008274616901293,4.882728304432793,-46.57522227277849,5.488122084449385
1791049063999506000,68.671505859375,748.0321332449093,0.714225769890233,10.152407476123697,-23.64763146637759,751.44213333074,167.0183563232422,8.007722946132418,5.2176052585502415,-46.57523074498807,5.6284734543828705
1791049064999498000,69.671498046875,748.3877454791218,0.7161106247952995,9.83318426278874,-23.647682646370093,751.7977455649525,167.0183563232422,8.007240310145889,5.199232289392259,-46.57521793723239,5.847131105306201
1791049065999489800,70.67148974609376,748.8890494117513,0.7172200781494179,9.018217795974317,-23.647742016548353,752.299049497582,167.0183563232422,8.006759701149447,4.960156335371182,-46.57520308012352,6.418851751300661
1791049066999481300,71.6714814453125,749.4863947248086,0.7167163132048434,8.44948282408691,-23.647803447227822,752.8963948106393,166.88502502441406,8.006106927453143,4.817930905781404,-46.575187586626875,6.845157960948406
1791049067999473200,72.67147314453125,749.4464365253225,0.7144916261510684,8.56450409741698,-23.647850186321726,752.8564366111532,167.25933837890625,8.00531223486173,8.755241098925204,-46.57517594025883,6.7712139903623125
1791049068999465000,73.67146484375,749.9770170617849,0.7175311943321128,7.596848817346693,-23.647921348576876,753.3870171476156,167.48182678222656,8.00443022083625,7.969905832405494,-46.575142476830656,7.594871185780394
1791049069999457300,74.67145727539062,750.3589773336425,0.7177295884675038,7.21806309109564,-23.647995711481997,753.7689774194732,167.48182678222656,8.003347823925504,7.8783222298285125,-46.57512529428095,8.06831692401744
1791049070999448300,75.6714482421875,749.9285095017403,0.7183484356057818,7.2588516320219,-23.648064787583593,753.338509587571,162.93968200683594,8.002429992997119,7.933212133051173,-46.57510735708821,8.14383585782702
1791049071999441200,76.67144116210937,749.6806853273883,0.7184965503731316,7.253969278809198,-23.64813575164712,753.090685413219,162.93968200683594,8.00172243107006,7.804083898336667,-46.575090544538234,8.096139482311592
1791049072999431700,77.671431640625,749.4762020912021,0.7183017495807298,7.308768298502237,-23.648205914996822,752.8862021770328,162.93968200683594,8.001162673815921,7.558966039742185,-46.575072552188644,7.956684688847666
1791049073999424300,78.67142431640625,749.8322915956378,0.7180322740635346,7.258798066610372,-23.648280221458634,753.2422916814685,162.93968200683594,8.000788162076656,7.225328003016154,-46.57505406155619,8.108542083723824
1791049074999415800,79.67141577148438,750.1581215532497,0.7173914287353687,7.2584971903796625,-23.648339719830854,753.5681216390803,155.34703063964844,8.000527285121063,6.218230540441822,-46.575000018718825,8.154438844492258
1791049075999407400,80.67140747070313,750.5154173253104,0.7184186256568381,7.258402462363945,-23.648407596882635,753.9254174111411,155.34703063964844,8.000350553723084,4.977109822720166,-46.57496620212606,8.171340223292269
1791049076999398700,81.67139868164062,751.0737885404378,0.7139168597065,7.256248015681561,-23.648465518211566,754.4837886262685,144.4696502685547,8.000234013015051,5.09562651923593,-46.574923384948136,8.139744096459355
1791049077999390200,82.67139013671876,751.5630347141996,0.7124984910373101,7.589579794555028,-23.648521449311612,754.9730348000303,143.7847900390625,8.000156268458978,5.9436967703832755,-46.57487830175442,7.6603752231492415
1791049078999382300,83.67138232421875,751.7052584141493,0.7140861349241018,7.885902635422391,-23.648575527698288,755.11525849998,143.7847900390625,8.000107430105613,5.09157351977239,-46.574835313715,7.376872299497867
1791049079999374000,84.6713740234375,752.1331171374768,0.7107800901032321,8.716101934828686,-23.648633042777963,755.5431172233075,143.7847900390625,8.000075153083802,5.476464855684743,-46.574810567887354,6.66520203978648
1791049080999365400,85.67136547851563,752.5972346877679,0.7092362044438468,10.003954091716487,-23.648670891499098,756.0072347735986,136.3228302001953,8.000054685486134,5.625561543922892,-46.57477316739582,5.791694047631261
1791049081999357400,86.671357421875,752.7608617423102,0.7168245942285166,12.865960139126898,-23.648679926553182,756.1708618281409,136.3228302001953,8.000043168538905,8.782621424191602,-46.574729873504985,4.4852078821973365
1791049082999348200,87.67134814453125,752.6329271811992,0.7183470379897516,18.504210575316833,-23.648696205414208,756.0429272670299,136.3228302001953,8.000036404257374,9.056002190190025,-46.57471389337144,3.1373501168005826
1791049083999340500,88.67134057617187,753.2322450978681,0.713754990901451,18.3306397032617,-23.648716266196494,756.6422451836988,136.3228302001953,8.000031234217678,8.572476128898789,-46.57469291992169,2.933086632870274
1791049084999331800,89.67133178710938,753.4858598308638,0.7177014296289097,16.959782320400343,-23.648737923768934,756.8958599166945,136.3228302001953,8.000027263501961,8.25796397823566,-46.574670356837224,3.3772945875902005
1791049085999323400,90.67132348632812,754.0190155934542,0.7168712830704628,13.587576781572356,-23.648766449996877,757.4290156792849,136.43287658691406,8.00002421411124,9.13298235860313,-46.57464074125403,4.191842507416044
1791049086999314700,91.67131469726563,753.9731748821214,0.718501969204389,11.777402133455723,-23.648800189939916,757.3831749679521,136.43287658691406,8.00002178607162,9.344759617715136,-46.57460610611369,4.940628486347808
1791049087999306200,92.67130615234375,754.8535999832675,0.7169793725760435,10.15015875759208,-23.6488393630583,758.2636000690982,136.32382202148438,8.000019773796867,9.23640673495484,-46.57456544631381,5.657908314938705
1791049088999297500,93.67129760742188,755.2753498107195,0.7177066095735088,9.376377983267876,-23.648880463130432,758.6853498965502,136.1150665283203,8.000018291621132,9.11884878438612,-46.574523694157875,6.165799173139817
1791049089999289000,94.6712890625,756.1688533890992,0.7172296762662129,8.58433734681116,-23.648924790099855,759.5788534749299,137.5595703125,8.00001695196149,9.983910290217366,-46.57447521545251,6.684952924816146
1791049090999281200,95.67128125,756.4448814736679,0.717832775094474,8.029025551007564,-23.648976195059795,759.8548815594986,136.73561096191406,8.000014052779305,11.03137659611208,-46.57442528861437,7.1998310104703
1791049091999273200,96.67127319335937,755.9787534046918,0.7179786567337146,7.973496835790083,-23.649024482858728,759.3887534905225,136.73561096191406,8.000010689156126,9.860258313657402,-46.57437658151383,7.301159617119159
1791049092999263200,97.67126318359375,756.074162167497,0.7184830799410981,8.169312414354723,-23.64907027699149,759.4841622533277,136.73561096191406,8.000008846407177,9.104516343203828,-46.57432930829896,7.122046796851142
1791049093999255600,98.67125561523437,756.265690474771,0.717941394999449,8.821753122487172,-23.649110794666292,759.6756905606017,136.9768829345703,8.000006846180897,8.718093011025111,-46.57428714470699,6.563118820766105
1791049094999247000,99.6712470703125,755.810121530667,0.7175464471074772,10.33346472019632,-23.649146696621106,759.2201216164976,136.9768829345703,8.000004774841953,8.924064798449793,-46.57425108838355,5.627326721319308
1791049095999239000,100.67123901367188,754.7746817851439,0.7174952698751119,13.611764178859307,-23.64917148896946,758.1846818709746,136.9768829345703,8.000003919151933,8.475431023612515,-46.57422763313323,4.219163747241078
1791049096999230500,101.67123046875,754.7781694810838,0.7181504062751066,15.62481654707448,-23.64919422141594,758.1881695669144,136.35836791992188,8.000003312856498,8.798373853845503,-46.574203477014464,3.7241648094332467
1791049097999222000,102.67122192382813,754.0705347834155,0.716382084343789,17.020149744533718,-23.649214068106907,757.4805348692462,136.35836791992188,8.00000303899875,8.393758891189853,-46.57418210077991,3.3133808156850213
1791049098999213800,103.6712138671875,754.3031160952523,0.7181665891573698,15.76944186137975,-23.649237054434963,757.713116181083,136.35836791992188,8.000002442388558,8.13327034988254,-46.57415826538664,3.6682565086662806
1791049099999205000,104.671205078125,753.7663695234805,0.7184995168498584,13.072894771376692,-23.64926879111466,757.1763696093112,135.13272094726562,8.000001873908966,8.46132815209666,-46.57412636121469,4.450072718297525
1791049100999196400,105.67119653320313,753.4267957257107,0.7185616528823797,11.617729239962431,-23.64930279492798,756.8367958115414,135.13272094726562,8.00000189632514,8.95970535453024,-46.57408854180276,5.011635346984333
1791049101999188000,106.67118798828125,753.0105721708387,0.7185556514197444,11.182395593056746,-23.649337075548058,756.4205722566694,135.13272094726562,8.000001620150503,8.785491657006093,-46.57405076222761,5.206377976699972
1791049102999179800,107.6711796875,752.4261942859739,0.7184920915113464,11.134729436470293,-23.649370545329663,755.8361943718046,136.0136260986328,8.000001516259212,7.9717662402584395,-46.57401519748901,5.226668760593851
1791049103999171300,108.67117138671875,751.6000687796623,0.7177281506948429,11.266733244496063,-23.64940339612235,755.0100688654929,136.0136260986328,8.000000866777603,9.185275094273104,-46.57398045906094,5.125245242507408
1791049104999162600,109.67116259765625,750.8324634507298,0.7168981979947391,11.464034573829462,-23.6494465573462,754.2424635365605,136.0136260986328,8.000000875771919,8.521568978978987,-46.57395721546658,5.007189028069855
1791049105999153700,110.67115356445312,750.1632984997705,0.7192641385241157,11.658136778983545,-23.649479724329424,753.5732985856012,134.8257598876953,8.00000072099121,8.18696688208418,-46.573921767329296,4.971674509740017
1791049106999145500,111.6711455078125,749.9888253938407,0.7182201517714942,11.420707217719427,-23.64951318627769,753.3988254796714,112.03797912597656,8.000000738301104,7.812049459782282,-46.573869696387845,5.092934168904416
1791049107999136500,112.67113647460937,750.1763675948605,0.7140701788635112,11.13007163937347,-23.64953181317052,753.5863676806912,112.03797912597656,8.000000777904999,6.943920490479341,-46.573819745632164,5.2274014021921795
1791049108999128300,113.67112841796875,749.629136659205,0.7197526052210593,10.111371316318198,-23.649530401824567,753.0391367450356,90,8.000000909208586,6.369438701433791,-46.57374081115655,5.7677508676170195
1791049109999120100,114.6711201171875,749.1900757625699,0.6794449541292908,10.377763305923619,-23.649476921243217,752.6000758484006,57.58053970336914,8.000001196997493,7.295524587847842,-46.57367901770771,5.304069121239892
1791049110999111200,115.67111108398437,749.9795898823068,0.7409442700313538,10.954816914524242,-23.649428225835646,753.3895899681374,45.65086364746094,7.800632002029943,6.561190649587794,-46.57363845370558,5.482294445187024
1791049111999102700,116.67110278320312,750.3791468460113,0.7799146442958048,11.91154638686267,-23.64939564017547,753.789146931842,45.14779281616211,7.615907840262179,5.464755022814211,-46.57360231223372,5.309397672431966
1791049112999094800,117.6710947265625,751.2031910540536,0.7469190292353541,11.087080517633645,-23.649360841042903,754.6131911398843,45.14779281616211,7.383963459154572,4.605773482948913,-46.57356434153792,5.459118061951984
1791049113999086000,118.67108618164062,751.5413553388789,0.7387316870697925,10.93606685118373,-23.649328330478767,754.9513554247096,45.881649017333984,7.114765339551256,3.638728220843496,-46.5735280474131,5.475584938587822
1791049114999077600,119.67107763671875,752.3520211977884,0.7175524872783714,9.592140251298613,-23.64927864163009,755.7620212836191,45.881649017333984,6.893428182999802,8.81794035638412,-46.573492589198935,6.067271472409422
1791049115999068400,120.671068359375,753.1660152869299,0.7178887914709776,9.578343209992852,-23.64924080914673,756.5760153727606,45.20759582519531,7.033058527721197,9.272423539719183,-46.573448610064354,6.047605676080113
1791049116999061000,121.67106103515626,753.8136711232364,0.7174902473124539,10.852544768790148,-23.64920654875264,757.2236712090671,45.20759582519531,7.140496666209007,9.98728575304584,-46.57341657811711,5.30577506903203
1791049117999052500,122.67105249023437,754.0702991867438,0.7181279672916641,13.001615691181806,-23.649179310442996,757.4802992725745,45.20759582519531,7.226447007701509,9.719910611540385,-46.57338712219999,4.451890807323443
1791049118999043000,123.67104296875,755.0486420234665,0.7142586623316515,15.85288376667235,-23.64915965399521,758.4586421092972,45.91947555541992,7.29677006077988,9.48394208790282,-46.57336388529852,3.4407033757588428
1791049119999035000,124.67103491210938,755.5017525665462,0.7132252265389559,18.307426288426814,-23.649142410623845,758.9117526523769,45.91947555541992,7.355372322809112,9.804113274406479,-46.573344300005395,2.8759435943516487
1791049120999026200,125.67102612304687,755.5959031749517,0.7180641175635929,20.441949579532736,-23.649127191782576,759.0059032607824,45.91947555541992,7.404959087051975,9.577485532309415,-46.573327209978665,2.8132480505779243
1791049121999017700,126.67101782226563,756.137391589582,0.7178339020201323,15.158606234649453,-23.649101903500608,759.5473916754127,45.655250549316406,7.447461711926264,9.473835021503099,-46.573299133422026,3.793555159660782
1791049122999009500,127.67100952148438,756.0899879187346,0.7183175448288466,13.831511197530547,-23.649073317568057,759.4999880045652,45.655250549316406,7.484297520951279,9.471668479945063,-46.573268177540214,4.208888058723422
1791049123999001000,128.6710009765625,756.268542858772,0.7182687575112745,12.180764204098026,-23.649041680575092,759.6785429446027,45.655250549316406,7.516528790729776,9.153367755278575,-46.573233058741586,4.761719383425469
1791049124998993000,129.67099291992187,756.3320301799104,0.7183145628468179,11.292620395527896,-23.649008770390985,759.742030265741,45.655250549316406,7.54496816770303,9.22869315706135,-46.57319593440681,5.138758801292169
1791049125998984200,130.67098413085938,756.1819450566545,0.7184612436041935,10.988387076316187,-23.648974442825544,759.5919451424852,45.655250549316406,7.570247671903923,8.623434850893814,-46.57315749284816,5.291403233154235
1791049126998976000,131.67097607421874,756.2916363440454,0.7181144478843926,10.583894679383448,-23.648938626795587,759.7016364298761,40.8476676940918,7.5928661738756364,8.544558893107544,-46.573118986512014,5.468394481401265
1791049127999967700,132.6719677734375,756.144120500423,0.7184014431130233,10.764260999650515,-23.648903499535056,759.5541205862537,40.8476676940918,7.61322302964497,8.86682697101094,-46.573083967555306,5.405564809341023
1791049128999974100,133.67197412109374,756.0969266090542,0.7181536773825324,10.386927224945284,-23.648860016704788,759.5069266948849,40.8476676940918,7.632561834555883,9.098984651989808,-46.57305304535454,5.604364113107861
1791049129999963600,134.67196362304688,756.4262691074982,0.7141669166428481,10.635988901895546,-23.648815533641855,759.8362691933289,26.114044189453125,7.650933623148283,8.995085262688264,-46.573032071865654,5.451510558030604
1791049130999963600,135.67196362304688,756.335392177105,0.7144913558374051,10.195337387748241,-23.648762297204083,759.7453922629356,5.9721598625183105,7.668387049966994,8.311745780204324,-46.57302265383766,5.696254057521472
1791049131999967500,136.67196752929686,756.0438827257603,0.7166090908880444,10.067990632441923,-23.648710106964366,759.453882811591,0.7548137903213501,7.6849677770390095,7.360950969990792,-46.57302436457656,5.779442245313091
1791049132999957000,137.67195703125,755.893473746255,0.7609501320934713,10.147854164031356,-23.648653190665872,759.3034738320857,0.7548137903213501,7.700719754532722,6.139623620210484,-46.57302719745899,6.075042731838909
1791049133999963000,138.671962890625,755.7390836048871,0.8212111914246805,10.722233497684545,-23.648598337917345,759.1490836907178,0.8720946907997131,7.715683889758313,6.268831089793633,-46.57303093154603,6.205336166331491
1791049134999969500,139.67196948242187,755.5487689292058,0.8264901504407314,11.099998569726987,-23.64854520894609,758.9587690150365,0.8720946907997131,7.730448960866858,5.767322954530704,-46.573033680908694,6.0331160826033905
1791049135999964000,140.6719638671875,755.5162670416757,0.8070337517910358,11.216844273254214,-23.648493531501092,758.9262671275064,0.8720946907997131,7.743926405260438,5.6984331911167105,-46.57303694782003,5.830343751666796
1791049136999974000,141.67197387695313,755.8762420676649,0.8604275723535735,12.367781094638165,-23.648441399363282,759.2862421534956,0.8720946907997131,7.75771708430547,5.310971498516222,-46.57303775213051,5.62455930370068
1791049137999974000,142.67197387695313,755.6253521610051,0.7692285200074421,13.04938489449569,-23.648400220206888,759.0353522468358,0.2685108780860901,7.769831241307963,5.685018271661305,-46.57303875035232,4.776354409981237
1791049138999965000,143.67196484375,755.5842972248793,0.7185618781631273,17.377057347447717,-23.64837358789701,758.99429731071,0.2685108780860901,7.781339730582656,6.390006354670662,-46.57303808604322,3.350622014068018
1791049139999973000,144.67197314453125,756.1031974451616,0.7171898211711656,19.39456410633522,-23.648347563545386,759.5131975309923,0.2685108780860901,7.792272774716472,6.227631002910056,-46.573020755608304,2.958590243511985
1791049140999975200,145.67197509765626,756.8443399965763,0.9036440685739254,22.09324162280096,-23.648318277409427,760.254340082407,0.2685108780860901,7.802659108987829,5.244875109623359,-46.57302060662585,3.132055311403757
1791049141999967000,146.67196704101562,756.0560499373823,0.8640998496418697,21.07063498479666,-23.6482913079676,759.466050023213,0.2685108780860901,7.812526140614271,4.979433163907256,-46.57302046942423,3.3031308884353154
1791049142999958000,147.6719580078125,756.0403119120747,1.0812292390263463,23.959858144737947,-23.64825679972375,759.4503119979054,0.2685108780860901,7.82189979350125,4.6342337608871835,-46.57303743242668,3.6413610481343475
1791049143999950800,148.67195092773437,756.3991502709687,1.239557988860649,23.908748416409928,-23.648209032665548,759.8091503567994,0.2685108780860901,7.830804778424288,3.8045379085926765,-46.57302005087403,4.2004794462196156
1791049144999943700,149.67194360351561,756.4988296609372,1.090031682254241,22.0419937747342,-23.648170342882235,759.9088297467679,0.2685108780860901,7.839264666317318,3.879026510204274,-46.57301985405037,4.003321891067348
1791049145999936500,150.6719365234375,756.7897743927315,1.1325880229045096,23.544559490188764,-23.648134879719382,760.1997744785622,0.4045719504356384,7.847301304430128,3.7302650867209404,-46.573019574347306,3.8927362539464214
1791049146999928600,151.67192846679689,757.1437432970852,1.1506389934699992,24.02990658378892,-23.648099107381075,760.5537433829159,0.4045719504356384,7.854936185445969,3.7252144028564302,-46.573019300149845,3.8613530197412387
