t,dvdt_gps,acc_long_imu,acc_lat_gps,acc_lat_imu,vel_gps,usada
0.06203,-0.40203,0.25087,-0.00131,0.11345,2.06999,False
0.16203,-0.401,0.32446,-0.00097,0.11475,2.02982,False
0.26203,-0.39781,0.39791,-0.00065,0.11613,1.98986,False
0.36203,-0.39222,0.47105,-0.00034,0.11764,1.95034,False
0.46203,-0.38387,0.54369,-5e-05,0.11933,1.91151,False
0.56203,-0.37228,0.6156,0.00021,0.12123,1.87367,False
0.66203,-0.35689,0.6865,0.00045,0.12336,1.83718,False
0.76203,-0.33713,0.75605,0.00067,0.12573,1.80244,False
0.86203,-0.31241,0.82385,0.00087,0.12833,1.76992,False
0.96203,-0.28224,0.88943,0.00105,0.13114,1.74014,False
1.06203,-0.24621,0.95229,0.00121,0.13411,1.71366,False
1.16203,-0.20407,1.01185,0.00135,0.13719,1.6911,False
1.26203,-0.15572,1.06755,0.00148,0.14033,1.67306,False
1.36203,-0.10128,1.11879,0.00161,0.14343,1.66015,False
1.46203,-0.04104,1.16498,0.00174,0.14643,1.65299,False
1.56203,0.02452,1.20559,0.00186,0.14925,1.65212,False
1.66203,0.09473,1.24014,0.002,0.15179,1.65805,False
1.76203,0.16879,1.2682,0.00214,0.154,1.67119,False
1.86203,0.24579,1.28947,0.0023,0.15579,1.6919,False
1.96203,0.32474,1.30373,0.00249,0.15713,1.72042,False
2.06203,0.40464,1.31088,0.0027,0.15796,1.75688,False
2.16203,0.48448,1.31096,0.00295,0.15826,1.80134,False
2.26203,0.56328,1.30409,0.00324,0.15802,1.85374,False
2.36203,0.64013,1.29054,0.00357,0.15724,1.91393,False
2.46203,0.71421,1.27069,0.00395,0.15595,1.98168,False
2.56203,0.78476,1.245,0.0044,0.15416,2.05666,True
2.66203,0.85113,1.21404,0.00491,0.15193,2.13849,True
2.76203,0.91275,1.17846,0.00549,0.1493,2.22673,True
2.86203,0.96913,1.13895,0.00615,0.14631,2.32087,True
2.96203,1.01986,1.09627,0.00689,0.14305,2.42037,True
3.06203,1.06457,1.05118,0.00773,0.13956,2.52464,True
3.16203,1.10296,1.00447,0.00865,0.13591,2.63307,True
3.26203,1.13477,0.95692,0.00967,0.13218,2.74502,True
3.36203,1.15973,0.90928,0.01078,0.12843,2.8598,True
3.46203,1.17766,0.86226,0.01199,0.12473,2.97673,True
3.56203,1.18836,0.81652,0.01329,0.12114,3.09509,True
3.66203,1.19168,0.77264,0.01467,0.11772,3.21416,True
3.76203,1.1875,0.73113,0.01612,0.11451,3.33318,True
3.86203,1.17578,0.69239,0.01762,0.11154,3.45141,True
3.96203,1.15651,0.65674,0.01917,0.10885,3.56809,True
4.06203,1.12977,0.6244,0.02073,0.10645,3.68247,True
4.16203,1.09575,0.59546,0.02229,0.10433,3.7938,True
4.26203,1.0547,0.56992,0.02381,0.10248,3.90138,True
4.36203,1.00703,0.54769,0.02528,0.1009,4.00452,True
4.46203,0.95322,0.52855,0.02665,0.09953,4.10259,True
4.56203,0.89389,0.51222,0.02789,0.09835,4.19499,True
4.66203,0.82974,0.49832,0.02898,0.09731,4.28121,True
4.76203,0.76157,0.48639,0.02989,0.09635,4.3608,True
4.86203,0.69027,0.47593,0.03058,0.09541,4.43342,True
4.96203,0.61676,0.46636,0.03104,0.09443,4.49878,True
5.06203,0.54203,0.45708,0.03123,0.09331,4.55673,True
5.16203,0.46704,0.44748,0.03115,0.09201,4.60718,True
5.26203,0.39277,0.43694,0.03078,0.09044,4.65016,True
5.36203,0.32017,0.42485,0.03011,0.08853,4.68579,True
5.46203,0.25013,0.41065,0.02914,0.08624,4.71428,True
5.56203,0.18346,0.39384,0.02787,0.08352,4.73593,True
5.66203,0.12088,0.37398,0.02632,0.08033,4.75111,True
5.76203,0.063,0.35071,0.0245,0.07665,4.76026,True
5.86203,0.0103,0.32381,0.02243,0.07248,4.76388,True
5.96203,-0.03687,0.29314,0.02015,0.06783,4.7625,True
6.06203,-0.07834,0.2587,0.01768,0.06274,4.75669,True
6.16203,-0.11407,0.22061,0.01508,0.05726,4.74702,True
6.26203,-0.1442,0.1791,0.01238,0.05145,4.73406,True
6.36203,-0.169,0.13454,0.00964,0.04539,4.71836,True
6.46203,-0.18891,0.08738,0.0069,0.03918,4.70042,True
6.56203,-0.20446,0.03815,0.00422,0.03292,4.68072,True
6.66203,-0.21633,-0.01253,0.00167,0.02672,4.65965,True
6.76203,-0.22524,-0.06402,-0.00072,0.02067,4.63755,True
6.86203,-0.23201,-0.11565,-0.00288,0.0149,4.61467,True
6.96203,-0.23747,-0.16678,-0.00477,0.00951,4.59119,True
7.06203,-0.24246,-0.21676,-0.00634,0.00458,4.5672,True
7.16203,-0.2478,-0.26502,-0.00754,0.00022,4.54269,True
7.26203,-0.25425,-0.31102,-0.00834,-0.00353,4.5176,True
7.36203,-0.2625,-0.35433,-0.00872,-0.0066,4.49178,True
7.46203,-0.27314,-0.39455,-0.00867,-0.00897,4.46502,True
7.56203,-0.28662,-0.4314,-0.00819,-0.01063,4.43706,True
7.66203,-0.30327,-0.46467,-0.00729,-0.0116,4.40759,True
7.76203,-0.32326,-0.4942,-0.006,-0.01194,4.37629,True
7.86203,-0.34657,-0.51994,-0.00437,-0.01173,4.34283,True
7.96203,-0.37304,-0.54189,-0.00247,-0.01107,4.30687,True
8.06203,-0.40235,-0.56009,-0.00038,-0.0101,4.26813,True
8.16203,-0.43399,-0.57466,0.00181,-0.00896,4.22633,True
8.26203,-0.46735,-0.58574,0.00398,-0.00784,4.18127,True
8.36203,-0.50166,-0.59351,0.00602,-0.0069,4.13283,True
8.46203,-0.5361,-0.5982,0.00779,-0.00632,4.08094,True
8.56203,-0.56975,-0.60004,0.00919,-0.00628,4.02563,True
8.66203,-0.60169,-0.5993,0.01009,-0.00691,3.96704,True
8.76203,-0.631,-0.59628,0.0104,-0.00836,3.90538,True
8.86203,-0.65684,-0.59129,0.01002,-0.01074,3.84096,True
8.96203,-0.67841,-0.58467,0.0089,-0.01412,3.77416,True
9.06203,-0.69509,-0.57679,0.00699,-0.01854,3.70544,True
9.16203,-0.70636,-0.56801,0.00428,-0.02401,3.63532,True
9.26203,-0.71188,-0.55873,0.00076,-0.03047,3.56436,True
9.36203,-0.71151,-0.5493,-0.00351,-0.03788,3.49314,True
9.46203,-0.70524,-0.5401,-0.00851,-0.0461,3.42225,True
9.56203,-0.69327,-0.53144,-0.01414,-0.05502,3.35228,True
9.66203,-0.67592,-0.52359,-0.02032,-0.06445,3.28377,True
9.76203,-0.65366,-0.51677,-0.02696,-0.07421,3.21725,True
9.86203,-0.62704,-0.51109,-0.03395,-0.0841,3.15318,True
9.96203,-0.5967,-0.50656,-0.04118,-0.0939,3.09197,True
10.06203,-0.5633,-0.50311,-0.04854,-0.10339,3.03394,True
10.16203,-0.52753,-0.50054,-0.05592,-0.11236,2.97939,True
10.26203,-0.49005,-0.49856,-0.06323,-0.12062,2.9285,True
10.36203,-0.45152,-0.49679,-0.07037,-0.12798,2.88141,True
10.46203,-0.4125,-0.49479,-0.07724,-0.13429,2.83821,True
10.56203,-0.37355,-0.49208,-0.08379,-0.13944,2.79891,True
10.66203,-0.33511,-0.48814,-0.08995,-0.14334,2.76348,True
10.76203,-0.29759,-0.48249,-0.09566,-0.14596,2.73186,True
10.86203,-0.26132,-0.47468,-0.1009,-0.1473,2.70392,True
10.96203,-0.22657,-0.46436,-0.10562,-0.14738,2.67954,True
11.06203,-0.19355,-0.45122,-0.10983,-0.1463,2.65855,True
11.16203,-0.16244,-0.4351,-0.11352,-0.14416,2.64077,True
11.26203,-0.13336,-0.41593,-0.11671,-0.1411,2.626,True
11.36203,-0.10641,-0.39374,-0.1194,-0.13729,2.61403,True
11.46203,-0.08166,-0.36869,-0.12164,-0.1329,2.60464,True
11.56203,-0.05913,-0.34098,-0.12345,-0.12812,2.59762,True
11.66203,-0.03886,-0.31093,-0.12489,-0.12312,2.59274,True
11.76203,-0.02083,-0.27887,-0.12601,-0.11807,2.58977,True
11.86203,-0.00501,-0.24519,-0.12684,-0.11314,2.5885,True
11.96203,0.00869,-0.21027,-0.12746,-0.10846,2.5887,True
12.06203,0.02035,-0.17449,-0.12791,-0.10415,2.59017,True
12.16203,0.03013,-0.1382,-0.12824,-0.10029,2.59271,True
12.26203,0.03821,-0.1017,-0.12851,-0.09695,2.59614,True
12.36203,0.04481,-0.06525,-0.12875,-0.09416,2.6003,True
12.46203,0.05021,-0.02905,-0.129,-0.09192,2.60506,True
12.56203,0.05469,0.00675,-0.12931,-0.09021,2.61031,True
12.66203,0.05858,0.04204,-0.12968,-0.089,2.61598,True
12.76203,0.06225,0.07673,-0.13014,-0.08823,2.62202,True
12.86203,0.06605,0.11074,-0.13068,-0.08783,2.62844,True
12.96203,0.07037,0.14401,-0.1313,-0.08768,2.63525,True
13.06203,0.07555,0.17645,-0.132,-0.08769,2.64254,True
13.16203,0.08193,0.20796,-0.13273,-0.08771,2.6504,True
13.26203,0.08983,0.23841,-0.13348,-0.08759,2.65897,True
13.36203,0.09949,0.26764,-0.13419,-0.08719,2.66842,True
13.46203,0.1111,0.29547,-0.13481,-0.08635,2.67894,True
13.56203,0.12478,0.32165,-0.13528,-0.08492,2.69071,True
13.66203,0.14056,0.34595,-0.13554,-0.08276,2.70396,True
13.76203,0.15837,0.36808,-0.1355,-0.07975,2.71889,True
13.86203,0.17804,0.38771,-0.1351,-0.07577,2.7357,True
13.96203,0.1993,0.4045,-0.13423,-0.07075,2.75455,True
14.06203,0.22177,0.41811,-0.13281,-0.0646,2.7756,True
14.16203,0.24499,0.42817,-0.13075,-0.05729,2.79893,True
14.26203,0.26839,0.43433,-0.12794,-0.04881,2.8246,True
14.36203,0.29133,0.43624,-0.1243,-0.03916,2.85259,True
14.46203,0.31311,0.4336,-0.11973,-0.0284,2.88283,True
14.56203,0.33298,0.42616,-0.11415,-0.01658,2.91515,True
14.66203,0.3502,0.4137,-0.10748,-0.00379,2.94934,True
14.76203,0.36402,0.3961,-0.09967,0.00983,2.98508,True
14.86203,0.37375,0.37331,-0.09068,0.02417,3.02201,True
14.96203,0.37875,0.34539,-0.08047,0.03905,3.05967,True
15.06203,0.3785,0.31248,-0.06905,0.05432,3.09758,True
15.16203,0.37256,0.27484,-0.05645,0.06978,3.13519,True
15.26203,0.36067,0.23285,-0.04274,0.08526,3.1719,True
15.36203,0.34268,0.187,-0.02801,0.10056,3.20712,True
15.46203,0.31863,0.13788,-0.01237,0.11549,3.24024,True
15.56203,0.28868,0.08618,0.004,0.12988,3.27065,True
15.66203,0.25318,0.03272,0.02095,0.14357,3.29779,True
15.76203,0.2126,-0.02166,0.03825,0.15642,3.32112,True
15.86203,0.16755,-0.07603,0.0557,0.16831,3.34016,True
15.96203,0.11874,-0.12943,0.07306,0.17917,3.3545,True
16.06203,0.06699,-0.1809,0.09012,0.18896,3.36381,True
16.16203,0.01317,-0.22951,0.10666,0.19768,3.36783,True
16.26203,-0.04178,-0.27436,0.12248,0.20536,3.36641,True
16.36203,-0.0969,-0.31464,0.13742,0.21206,3.35947,True
16.46203,-0.15124,-0.34963,0.15134,0.2179,3.34705,True
16.56203,-0.20382,-0.37877,0.16413,0.22298,3.32928,True
16.66203,-0.25375,-0.4016,0.17573,0.22747,3.30638,True
16.76203,-0.30014,-0.41787,0.1861,0.23151,3.27865,True
16.86203,-0.3422,-0.42748,0.19525,0.23525,3.24649,True
16.96203,-0.37923,-0.4305,0.20322,0.23883,3.21037,True
17.06203,-0.41062,-0.42718,0.21006,0.24237,3.17083,True
17.16203,-0.43589,-0.41794,0.21584,0.24595,3.12845,True
17.26203,-0.45468,-0.4033,0.22065,0.24962,3.08387,True
17.36203,-0.46677,-0.38392,0.22457,0.25339,3.03774,True
17.46203,-0.47206,-0.36053,0.22769,0.25723,2.99074,True
17.56203,-0.47063,-0.33387,0.23008,0.26105,2.94355,True
17.66203,-0.46265,-0.30474,0.23181,0.26472,2.89683,True
17.76203,-0.44848,-0.27386,0.23291,0.26808,2.85122,True
17.86203,-0.42856,-0.24193,0.23342,0.27092,2.80732,True
17.96203,-0.40348,-0.20955,0.23334,0.273,2.76568,True
18.06203,-0.37392,-0.17723,0.23264,0.27406,2.72677,True
18.16203,-0.34066,-0.14537,0.23129,0.27383,2.69102,True
18.26203,-0.30456,-0.11428,0.22922,0.27203,2.65874,True
18.36203,-0.2665,-0.08414,0.22634,0.26839,2.63017,True
18.46203,-0.22741,-0.05504,0.22255,0.26266,2.60547,True
18.56203,-0.18821,-0.02699,0.21772,0.25459,2.58469,True
18.66203,-0.14979,9e-05,0.21173,0.24398,2.5678,True
18.76203,-0.11296,0.02633,0.20443,0.23066,2.55468,True
18.86203,-0.07846,0.05189,0.19566,0.21451,2.54513,True
18.96203,-0.04691,0.07696,0.18529,0.19546,2.53889,True
19.06203,-0.01877,0.10176,0.17316,0.17347,2.53564,True
19.16203,0.00565,0.12648,0.15917,0.14859,2.53501,True
19.26203,0.02623,0.1513,0.14321,0.1209,2.53664,True
19.36203,0.04301,0.17638,0.1252,0.09054,2.54013,True
19.46203,0.05623,0.20182,0.10512,0.05768,2.54512,True
19.56203,0.0663,0.22769,0.08296,0.02256,2.55128,True
19.66203,0.07378,0.25402,0.05879,-0.01456,2.5583,True
19.76203,0.07939,0.28077,0.03267,-0.0534,2.56597,True
19.86203,0.08396,0.30787,0.00476,-0.09365,2.57414,True
19.96203,0.08838,0.33518,-0.02478,-0.13497,2.58276,True
20.06203,0.09361,0.36256,-0.05576,-0.17703,2.59185,True
20.16203,0.10064,0.38978,-0.08794,-0.21948,2.60154,True
20.26203,0.1104,0.41663,-0.12111,-0.26198,2.61206,True
20.36203,0.12378,0.44286,-0.15503,-0.30419,2.62374,True
20.46203,0.14156,0.4682,-0.18947,-0.34579,2.63696,True
20.56203,0.1644,0.49241,-0.22425,-0.38649,2.65222,True
20.66203,0.19277,0.51524,-0.25917,-0.42602,2.67003,True
20.76203,0.22696,0.53645,-0.29411,-0.46414,2.69096,True
20.86203,0.26705,0.55586,-0.32894,-0.50063,2.71561,True
20.96203,0.31286,0.57327,-0.36359,-0.53534,2.74456,True
21.06203,0.36399,0.58856,-0.398,-0.56812,2.77836,True
21.16203,0.41981,0.6016,-0.43214,-0.59885,2.81751,True
21.26203,0.47944,0.61232,-0.46598,-0.62745,2.86245,True
21.36203,0.54183,0.62068,-0.49949,-0.65387,2.91349,True
21.46203,0.60571,0.62667,-0.53263,-0.67803,2.97086,True
21.56203,0.66972,0.6303,-0.56533,-0.69991,3.03464,True
21.66203,0.73237,0.63164,-0.59749,-0.71948,3.10476,True
21.76203,0.79217,0.63076,-0.62899,-0.7367,3.18102,True
21.86203,0.84763,0.62777,-0.65963,-0.75154,3.26305,True
21.96203,0.89733,0.6228,-0.6892,-0.76397,3.35036,True
22.06203,0.94,0.61602,-0.71746,-0.77398,3.44229,True
22.16203,0.97453,0.6076,-0.74411,-0.78156,3.53809,True
22.26203,1.00004,0.59772,-0.76884,-0.78668,3.6369,True
22.36203,1.01587,0.5866,-0.79136,-0.78938,3.73778,True
22.46203,1.02164,0.57446,-0.81135,-0.78966,3.83974,True
22.56203,1.01723,0.5615,-0.82852,-0.78759,3.94177,True
22.66203,1.00277,0.54795,-0.84263,-0.78323,4.04285,True
22.76203,0.97867,0.53404,-0.85346,-0.77667,4.142,True
22.86203,0.94556,0.51998,-0.86088,-0.76806,4.23829,True
22.96203,0.90425,0.50599,-0.86479,-0.75755,4.33084,True
23.06203,0.85577,0.49227,-0.86521,-0.74533,4.4189,True
23.16203,0.80123,0.47901,-0.8622,-0.73161,4.5018,True
23.26203,0.74191,0.46639,-0.85591,-0.71664,4.57899,True
23.36203,0.6791,0.45454,-0.84655,-0.70068,4.65006,True
23.46203,0.61417,0.44362,-0.83441,-0.68401,4.71474,True
23.56203,0.54846,0.43371,-0.81983,-0.6669,4.77287,True
23.66203,0.48329,0.42489,-0.80318,-0.64964,4.82445,True
23.76203,0.41993,0.41722,-0.78488,-0.63251,4.86959,True
23.86203,0.35954,0.41071,-0.76537,-0.61578,4.90853,True
23.96203,0.30318,0.40535,-0.74506,-0.5997,4.94163,True
24.06203,0.25178,0.40111,-0.7244,-0.58452,4.96933,True
24.16203,0.20612,0.39792,-0.70378,-0.57044,4.99218,True
24.26203,0.16681,0.3957,-0.68358,-0.55763,5.01077,True
24.36203,0.13433,0.39434,-0.66415,-0.54626,5.02576,True
24.46203,0.10895,0.39371,-0.64577,-0.53644,5.03787,True
24.56203,0.09082,0.3937,-0.62872,-0.52828,5.04779,True
24.66203,0.07992,0.39413,-0.61319,-0.52184,5.05627,True
24.76203,0.0761,0.39487,-0.59936,-0.51717,5.06401,True
24.86203,0.07904,0.39574,-0.58735,-0.5143,5.07171,True
24.96203,0.08834,0.39658,-0.57726,-0.51324,5.08003,True
25.06203,0.10347,0.39723,-0.56915,-0.51399,5.08957,True
25.16203,0.12382,0.39754,-0.56303,-0.51653,5.1009,True
25.26203,0.1487,0.39735,-0.55892,-0.52082,5.11449,True
25.36203,0.17736,0.39653,-0.55679,-0.52681,5.13076,True
25.46203,0.209,0.39495,-0.55661,-0.53444,5.15006,True
25.56203,0.24282,0.39252,-0.55831,-0.54363,5.17263,True
25.66203,0.27797,0.38916,-0.56184,-0.55428,5.19867,True
25.76203,0.31366,0.38481,-0.56711,-0.56627,5.22825,True
25.86203,0.34908,0.37945,-0.57403,-0.57948,5.26139,True
25.96203,0.38349,0.3731,-0.58248,-0.59375,5.29803,True
26.06203,0.41619,0.36581,-0.59236,-0.60892,5.33803,True
26.16203,0.44656,0.35766,-0.60355,-0.62482,5.38119,True
26.26203,0.47403,0.34878,-0.61589,-0.64124,5.42725,True
26.36203,0.49814,0.33933,-0.62926,-0.65798,5.47589,True
26.46203,0.51852,0.32949,-0.64349,-0.67482,5.52675,True
26.56203,0.53487,0.31948,-0.65843,-0.69156,5.57946,True
26.66203,0.54702,0.30956,-0.6739,-0.70796,5.63359,True
26.76203,0.55488,0.29996,-0.68972,-0.72383,5.68872,True
26.86203,0.55846,0.29095,-0.70572,-0.73898,5.74442,True
26.96203,0.55785,0.2828,-0.72171,-0.75322,5.80027,True
27.06203,0.55326,0.27574,-0.73751,-0.7664,5.85586,True
27.16203,0.54495,0.26999,-0.75296,-0.77838,5.9108,True
27.26203,0.53328,0.26574,-0.76787,-0.78907,5.96474,True
27.36203,0.51865,0.26311,-0.78209,-0.79839,6.01736,True
27.46203,0.50153,0.26219,-0.79548,-0.80628,6.06839,True
27.56203,0.48241,0.26299,-0.80791,-0.81274,6.1176,True
27.66203,0.46182,0.26546,-0.81927,-0.81778,6.16482,True
27.76203,0.44028,0.26948,-0.82945,-0.82143,6.20993,True
27.86203,0.4183,0.27487,-0.83838,-0.82376,6.25286,True
27.96203,0.39636,0.28138,-0.84601,-0.82483,6.29359,True
28.06203,0.37491,0.28869,-0.85231,-0.82475,6.33215,True
28.16203,0.35434,0.29646,-0.85724,-0.82362,6.3686,True
28.26203,0.33496,0.30426,-0.86081,-0.82156,6.40306,True
28.36203,0.31703,0.31169,-0.86305,-0.8187,6.43565,True
28.46203,0.30072,0.31827,-0.86398,-0.81518,6.46652,True
28.56203,0.2861,0.32357,-0.86367,-0.81115,6.49584,True
28.66203,0.2732,0.32711,-0.86219,-0.80676,6.5238,True
28.76203,0.26194,0.32848,-0.85964,-0.80217,6.55054,True
28.86203,0.25217,0.32726,-0.85614,-0.79754,6.57623,True
28.96203,0.24369,0.3231,-0.8518,-0.79301,6.60102,True
29.06203,0.23623,0.31567,-0.84677,-0.78875,6.625,True
29.16203,0.22947,0.30472,-0.84123,-0.78492,6.64828,True
29.26203,0.22306,0.29005,-0.83535,-0.78167,6.67091,True
29.36203,0.21664,0.27154,-0.82933,-0.77916,6.6929,True
29.46203,0.20982,0.24914,-0.82336,-0.77752,6.71423,True
29.56203,0.20224,0.22287,-0.81767,-0.77692,6.73484,True
29.66203,0.19354,0.19284,-0.81246,-0.77747,6.75464,True
29.76203,0.18341,0.15922,-0.80796,-0.77932,6.7735,True
29.86203,0.17159,0.12227,-0.80436,-0.78257,6.79126,True
29.96203,0.15787,0.08233,-0.80187,-0.78731,6.80775,True
30.06203,0.1421,0.0398,-0.80065,-0.79359,6.82277,True
30.16203,0.12422,-0.00485,-0.80083,-0.80143,6.8361,True
30.26203,0.10424,-0.05108,-0.80253,-0.81082,6.84754,True
30.36203,0.08225,-0.09831,-0.80579,-0.82166,6.85688,True
30.46203,0.05842,-0.14592,-0.81062,-0.83383,6.86393,True
30.56203,0.03298,-0.19323,-0.81695,-0.84712,6.86851,True
30.66203,0.00624,-0.23958,-0.82464,-0.86127,6.87048,True
30.76203,-0.02145,-0.28429,-0.83352,-0.87595,6.86973,True
30.86203,-0.04968,-0.32667,-0.84331,-0.89077,6.86618,True
30.96203,-0.07804,-0.36608,-0.8537,-0.90531,6.85979,True
31.06203,-0.10608,-0.4019,-0.86429,-0.91907,6.85058,True
31.16203,-0.13335,-0.43359,-0.87465,-0.93155,6.8386,True
31.26203,-0.15942,-0.46066,-0.88432,-0.94221,6.82395,True
31.36203,-0.18386,-0.48272,-0.89279,-0.95051,6.80677,True
31.46203,-0.20629,-0.49946,-0.89956,-0.95591,6.78724,True
31.56203,-0.22633,-0.51071,-0.90413,-0.95791,6.76559,True
31.66203,-0.24369,-0.51639,-0.90602,-0.95604,6.74207,True
31.76203,-0.25807,-0.51658,-0.90476,-0.94987,6.71695,True
31.86203,-0.26926,-0.51148,-0.89997,-0.93907,6.69056,True
31.96203,-0.2771,-0.50141,-0.8913,-0.92336,6.66321,True
32.06203,-0.28148,-0.48683,-0.87849,-0.90258,6.63525,True
32.16203,-0.28238,-0.4683,-0.86135,-0.87667,6.60703,True
32.26203,-0.27982,-0.44651,-0.83978,-0.84569,6.57889,True
32.36203,-0.27391,-0.42222,-0.8138,-0.80981,6.55118,True
32.46203,-0.26486,-0.39627,-0.7835,-0.76935,6.52421,True
32.56203,-0.25293,-0.36956,-0.74908,-0.72472,6.4983,True
32.66203,-0.23851,-0.34303,-0.71084,-0.67648,6.47371,True
32.76203,-0.22205,-0.31761,-0.66915,-0.62527,6.45067,True
32.86203,-0.20411,-0.29427,-0.62449,-0.57184,6.42935,True
32.96203,-0.18533,-0.27391,-0.57739,-0.517,6.40987,True
33.06203,-0.16646,-0.25742,-0.52846,-0.46163,6.39229,True
33.16203,-0.1483,-0.24558,-0.47834,-0.4066,6.37656,True
33.26203,-0.13175,-0.23913,-0.42769,-0.35281,6.36257,True
33.36203,-0.11774,-0.23868,-0.37722,-0.30113,6.35012,True
33.46203,-0.10725,-0.24473,-0.32761,-0.25234,6.33891,True
33.56203,-0.10126,-0.25767,-0.27952,-0.20717,6.32853,True
33.66203,-0.10074,-0.27775,-0.23359,-0.16624,6.31848,True
33.76203,-0.1066,-0.3051,-0.19039,-0.13004,6.30817,True
33.86203,-0.11969,-0.33969,-0.15042,-0.09894,6.29692,True
33.96203,-0.14075,-0.38141,-0.1141,-0.07315,6.28397,True
34.06203,-0.17034,-0.42998,-0.08178,-0.05276,6.26849,True
34.16203,-0.20888,-0.48504,-0.05366,-0.0377,6.2496,True
34.26203,-0.25657,-0.54609,-0.02988,-0.02777,6.22641,True
34.36203,-0.31337,-0.61254,-0.01043,-0.02267,6.19799,True
34.46203,-0.379,-0.68369,0.00478,-0.02197,6.16344,True
34.56203,-0.45291,-0.75876,0.01596,-0.02517,6.12191,True
34.66203,-0.53428,-0.83686,0.0234,-0.03168,6.07261,True
34.76203,-0.62204,-0.91702,0.0275,-0.0409,6.01485,True
34.86203,-0.71485,-0.9982,0.02869,-0.05216,5.94804,True
34.96203,-0.81115,-1.07928,0.02746,-0.06482,5.87176,True
35.06203,-0.90917,-1.15908,0.02433,-0.07824,5.78575,True
35.16203,-1.007,-1.23638,0.0198,-0.09182,5.68993,True
35.26203,-1.10256,-1.3099,0.01438,-0.105,5.58443,True
35.36203,-1.19375,-1.37836,0.00853,-0.11729,5.46957,True
35.46203,-1.27844,-1.44049,0.00266,-0.12827,5.34589,True
35.56203,-1.35454,-1.49503,-0.00289,-0.13761,5.21416,True
35.66203,-1.42011,-1.54079,-0.00783,-0.14503,5.07533,True
35.76203,-1.47336,-1.57667,-0.01197,-0.15035,4.93055,True
35.86203,-1.51279,-1.60166,-0.01519,-0.15345,4.78112,True
35.96203,-1.53718,-1.61493,-0.01743,-0.15429,4.62849,True
36.06203,-1.5457,-1.61581,-0.01869,-0.1529,4.4742,True
36.16203,-1.53788,-1.60381,-0.01903,-0.14934,4.31989,True
36.26203,-1.51369,-1.5787,-0.01854,-0.14375,4.16717,True
36.36203,-1.4735,-1.54046,-0.01735,-0.1363,4.01768,True
36.46203,-1.41806,-1.48932,-0.01558,-0.12719,3.87297,True
36.56203,-1.34849,-1.42577,-0.01337,-0.11664,3.73453,True
36.66203,-1.26622,-1.3505,-0.01087,-0.10491,3.60369,True
36.76203,-1.17291,-1.26445,-0.00819,-0.09224,3.48165,True
36.86203,-1.0704,-1.16872,-0.00544,-0.07888,3.36942,True
36.96203,-0.96059,-1.0646,-0.00271,-0.06506,3.26781,True
37.06203,-0.84544,-0.95346,-7e-05,-0.051,3.17747,True
37.16203,-0.72684,-0.83678,0.00241,-0.03692,3.09884,True
37.26203,-0.60659,-0.71605,0.00471,-0.02299,3.03216,True
37.36203,-0.48633,-0.59276,0.00679,-0.00937,2.97752,True
37.46203,-0.36751,-0.46831,0.00865,0.00383,2.93485,True
37.56203,-0.25141,-0.34402,0.01027,0.01651,2.90393,True
37.66203,-0.13907,-0.22106,0.01166,0.02859,2.88444,True
37.76203,-0.03132,-0.10045,0.01282,0.04004,2.87596,True
37.86203,0.0712,0.01695,0.01377,0.05082,2.878,True
37.96203,0.16803,0.13043,0.01451,0.06093,2.89001,True
38.06203,0.2589,0.23941,0.01506,0.07037,2.91141,True
38.16203,0.34365,0.34344,0.01545,0.07914,2.94159,True
38.26203,0.42224,0.44216,0.01568,0.0873,2.97994,True
38.36203,0.49472,0.53525,0.01579,0.09487,3.02584,True
38.46203,0.56119,0.62247,0.0158,0.10191,3.07869,True
38.56203,0.6218,0.7036,0.01574,0.10848,3.13788,True
38.66203,0.67671,0.77844,0.01563,0.11463,3.20286,True
38.76203,0.7261,0.84683,0.0155,0.12039,3.27304,True
38.86203,0.77017,0.90863,0.01539,0.12578,3.3479,True
38.96203,0.80909,0.96372,0.01533,0.13083,3.42691,True
39.06203,0.84306,1.01203,0.01535,0.13554,3.50956,True
39.16203,0.87229,1.05353,0.01548,0.1399,3.59536,True
39.26203,0.89697,1.08823,0.01574,0.1439,3.68387,True
39.36203,0.91732,1.11621,0.01615,0.14754,3.77462,True
39.46203,0.93355,1.13761,0.01673,0.15078,3.86719,True
39.56203,0.94591,1.15261,0.0175,0.1536,3.9612,True
39.66203,0.95462,1.16148,0.01844,0.15598,4.05625,True
39.76203,0.95994,1.16454,0.01956,0.1579,4.15201,True
39.86203,0.96213,1.16217,0.02084,0.15931,4.24814,True
39.96203,0.96144,1.15481,0.02227,0.16022,4.34434,True
40.06203,0.95814,1.14294,0.02381,0.16061,4.44034,True
40.16203,0.9525,1.12706,0.02544,0.16048,4.53589,True
40.26203,0.9448,1.10772,0.02711,0.15984,4.63077,True
40.36203,0.93528,1.08547,0.02879,0.15872,4.72479,True
40.46203,0.92421,1.06085,0.03043,0.15716,4.81778,True
40.56203,0.91183,1.03441,0.03201,0.1552,4.90959,True
40.66203,0.89839,1.00667,0.03347,0.15289,5.00011,True
40.76203,0.88409,0.97811,0.0348,0.15031,5.08924,True
40.86203,0.86914,0.94919,0.03597,0.14752,5.1769,True
40.96203,0.85373,0.9203,0.03695,0.14461,5.26305,True
41.06203,0.83801,0.89179,0.03774,0.14165,5.34764,True
41.16203,0.82213,0.86395,0.03833,0.13873,5.43065,True
41.26203,0.8062,0.83702,0.03873,0.13592,5.51206,True
41.36203,0.79032,0.81116,0.03895,0.13328,5.59189,True
41.46203,0.77457,0.78649,0.039,0.13089,5.67013,True
41.56203,0.75899,0.76306,0.03891,0.12879,5.74681,True
41.66203,0.74363,0.74086,0.03872,0.12702,5.82194,True
41.76203,0.7285,0.71984,0.03844,0.12561,5.89554,True
41.86203,0.71359,0.69989,0.03812,0.12455,5.96764,True
41.96203,0.69891,0.68088,0.03778,0.12385,6.03827,True
42.06203,0.68441,0.66262,0.03745,0.12346,6.10743,True
42.16203,0.67006,0.64491,0.03717,0.12334,6.17516,True
42.26203,0.65581,0.62751,0.03695,0.12344,6.24145,True
42.36203,0.64159,0.61018,0.03682,0.12368,6.30632,True
42.46203,0.62734,0.59267,0.03677,0.12397,6.36977,True
42.56203,0.61297,0.57473,0.03682,0.12424,6.43178,True
42.66203,0.59841,0.55611,0.03695,0.12438,6.49235,True
42.76203,0.58358,0.53659,0.03717,0.12432,6.55146,True
42.86203,0.56838,0.51598,0.03744,0.12397,6.60906,True
42.96203,0.55272,0.49408,0.03776,0.12325,6.66512,True
43.06203,0.53651,0.47076,0.03809,0.12211,6.71958,True
43.16203,0.51966,0.44593,0.0384,0.12049,6.7724,True
43.26203,0.50208,0.41953,0.03868,0.11837,6.82349,True
43.36203,0.4837,0.39154,0.03888,0.11574,6.87279,True
43.46203,0.46445,0.36201,0.03899,0.11263,6.9202,True
43.56203,0.44428,0.33104,0.03899,0.10908,6.96565,True
43.66203,0.42315,0.29877,0.03889,0.10516,7.00903,True
43.76203,0.40104,0.26539,0.03868,0.10095,7.05024,True
43.86203,0.37797,0.23113,0.03838,0.09657,7.0892,True
43.96203,0.35398,0.19628,0.03801,0.09214,7.12581,True
44.06203,0.3291,0.16114,0.03763,0.0878,7.15997,True
44.16203,0.30343,0.12604,0.03727,0.08367,7.1916,True
44.26203,0.27707,0.09132,0.03698,0.0799,7.22063,True
44.36203,0.25011,0.05732,0.03683,0.07658,7.247,True
44.46203,0.2227,0.02437,0.03687,0.07383,7.27064,True
44.56203,0.19497,-0.00724,0.03713,0.07171,7.29153,True
44.66203,0.16704,-0.03724,0.03767,0.07025,7.30963,True
44.76203,0.13903,-0.06542,0.03849,0.06944,7.32493,True
44.86203,0.11104,-0.09165,0.0396,0.06923,7.33743,True
44.96203,0.08315,-0.11584,0.04096,0.06954,7.34714,True
45.06203,0.05542,-0.13799,0.04254,0.07024,7.35407,True
45.16203,0.02785,-0.15818,0.04425,0.07116,7.35823,True
45.26203,0.00043,-0.17652,0.046,0.07213,7.35964,True
45.36203,-0.02686,-0.19323,0.04769,0.07294,7.35832,True
45.46203,-0.05408,-0.20857,0.04917,0.0734,7.35427,True
45.56203,-0.08128,-0.22282,0.05031,0.0733,7.34751,True
45.66203,-0.10853,-0.23634,0.05098,0.07247,7.33802,True
45.76203,-0.13586,-0.24946,0.05103,0.07074,7.3258,True
45.86203,-0.16328,-0.26254,0.05036,0.06799,7.31084,True
45.96203,-0.19077,-0.27593,0.04886,0.06414,7.29314,True
46.06203,-0.21827,-0.28995,0.04646,0.05914,7.27269,True
46.16203,-0.24566,-0.30488,0.04312,0.05298,7.24949,True
46.26203,-0.27278,-0.32095,0.03882,0.04572,7.22356,True
46.36203,-0.29943,-0.33835,0.03359,0.03744,7.19495,True
46.46203,-0.32538,-0.3572,0.0275,0.02827,7.1637,True
46.56203,-0.35036,-0.37754,0.02065,0.01838,7.1299,True
46.66203,-0.37413,-0.39935,0.01316,0.00794,7.09367,True
46.76203,-0.39643,-0.42256,0.00519,-0.00283,7.05513,True
46.86203,-0.41706,-0.44703,-0.00308,-0.0137,7.01444,True
46.96203,-0.43588,-0.47258,-0.01146,-0.02445,6.97178,True
47.06203,-0.45281,-0.49897,-0.01975,-0.03485,6.92733,True
47.16203,-0.46787,-0.52597,-0.02776,-0.04469,6.88128,True
47.26203,-0.48118,-0.55332,-0.0353,-0.05378,6.83381,True
47.36203,-0.49293,-0.5808,-0.0422,-0.06193,6.78509,True
47.46203,-0.50344,-0.60818,-0.0483,-0.06901,6.73526,True
47.56203,-0.51308,-0.63531,-0.05349,-0.07491,6.68443,True
47.66203,-0.52231,-0.66206,-0.05766,-0.07956,6.63266,True
47.76203,-0.53163,-0.68838,-0.06075,-0.08294,6.57997,True
47.86203,-0.54153,-0.71428,-0.06274,-0.08505,6.52632,True
47.96203,-0.55252,-0.73987,-0.06362,-0.08597,6.47162,True
48.06203,-0.56507,-0.76527,-0.06343,-0.08578,6.41576,True
48.16203,-0.57957,-0.79071,-0.06225,-0.08461,6.35855,True
48.26203,-0.59632,-0.81642,-0.06017,-0.08262,6.29977,True
48.36203,-0.61553,-0.84267,-0.05729,-0.08,6.2392,True
48.46203,-0.63724,-0.86977,-0.05375,-0.07694,6.17658,True
48.56203,-0.66138,-0.89796,-0.0497,-0.07363,6.11167,True
48.66203,-0.68773,-0.92751,-0.04527,-0.07029,6.04423,True
48.76203,-0.71591,-0.95859,-0.04063,-0.06708,5.97407,True
48.86203,-0.74541,-0.99131,-0.0359,-0.06418,5.90101,True
48.96203,-0.77558,-1.02571,-0.03122,-0.06172,5.82496,True
49.06203,-0.80566,-1.06168,-0.0267,-0.0598,5.74589,True
49.16203,-0.83482,-1.09902,-0.02245,-0.0585,5.66386,True
49.26203,-0.86216,-1.13738,-0.01853,-0.05785,5.57899,True
49.36203,-0.88674,-1.1763,-0.01501,-0.05784,5.49152,True
49.46203,-0.90763,-1.21517,-0.01191,-0.05844,5.40176,True
49.56203,-0.92396,-1.25325,-0.00925,-0.05956,5.31014,True
49.66203,-0.9349,-1.28972,-0.00703,-0.06109,5.21715,True
49.76203,-0.93977,-1.32363,-0.00521,-0.06291,5.12336,True
49.86203,-0.938,-1.35398,-0.00377,-0.06487,5.02942,True
49.96203,-0.92921,-1.37973,-0.00266,-0.06678,4.936,True
50.06203,-0.91321,-1.39982,-0.00183,-0.0685,4.84381,True
50.16203,-0.89001,-1.41323,-0.00123,-0.06983,4.75359,True
50.26203,-0.85983,-1.41899,-0.00079,-0.07063,4.66604,True
50.36203,-0.82309,-1.4162,-0.00048,-0.07075,4.58184,True
50.46203,-0.78039,-1.40411,-0.00024,-0.07005,4.50162,True
50.56203,-0.73251,-1.38213,-3e-05,-0.06844,4.42594,True
50.66203,-0.68031,-1.34984,0.00018,-0.06584,4.35526,True
50.76203,-0.62477,-1.30702,0.00042,-0.06221,4.28998,True
50.86203,-0.56688,-1.25369,0.00072,-0.05755,4.23039,True
50.96203,-0.50763,-1.19007,0.00108,-0.05186,4.17665,True
51.06203,-0.44796,-1.11664,0.00151,-0.04519,4.12887,True
51.16203,-0.38873,-1.03406,0.00203,-0.03761,4.08705,True
51.26203,-0.33065,-0.94323,0.00264,-0.0292,4.05109,True
51.36203,-0.27435,-0.8452,0.00333,-0.02008,4.02086,True
51.46203,-0.22025,-0.74117,0.00412,-0.01035,3.99615,True
51.56203,-0.16868,-0.63242,0.005,-0.00014,3.97672,True
51.66203,-0.11978,-0.52032,0.00598,0.01045,3.96232,True
51.76203,-0.07361,-0.40621,0.00707,0.02131,3.95268,True
51.86203,-0.03007,-0.29141,0.00829,0.03233,3.94752,True
51.96203,0.01098,-0.17716,0.00964,0.04344,3.94658,True
52.06203,0.04977,-0.06462,0.01115,0.05458,3.94964,True
52.16203,0.08656,0.04521,0.01286,0.0657,3.95647,True
52.26203,0.12163,0.15143,0.01479,0.07678,3.96689,True
52.36203,0.15525,0.2533,0.01698,0.0878,3.98075,True
52.46203,0.1877,0.35022,0.01948,0.09879,3.9979,True
52.56203,0.21919,0.44172,0.02232,0.10975,4.01826,True
52.66203,0.24994,0.52747,0.02557,0.12072,4.04172,True
52.76203,0.28011,0.60724,0.02926,0.13173,4.06822,True
52.86203,0.30985,0.68091,0.03345,0.14281,4.09773,True
52.96203,0.33927,0.7484,0.03819,0.15401,4.13018,True
53.06203,0.36846,0.80972,0.04351,0.16536,4.16557,True
53.16203,0.39752,0.86489,0.04945,0.17688,4.20387,True
53.26203,0.4265,0.91395,0.05606,0.1886,4.24507,True
53.36203,0.45547,0.95697,0.06335,0.20054,4.28917,True
53.46203,0.48445,0.99397,0.07134,0.21269,4.33617,True
53.56203,0.51349,1.02502,0.08006,0.22506,4.38606,True
53.66203,0.54256,1.05016,0.08949,0.23764,4.43887,True
53.76203,0.57165,1.06944,0.09966,0.25042,4.49458,True
53.86203,0.60067,1.08293,0.11054,0.26339,4.55319,True
53.96203,0.6295,1.09069,0.12212,0.27653,4.6147,True
54.06203,0.65798,1.09285,0.13439,0.28981,4.67908,True
54.16203,0.68586,1.08955,0.14733,0.30323,4.74628,True
54.26203,0.71287,1.08096,0.1609,0.31677,4.81623,True
54.36203,0.73867,1.06731,0.17507,0.3304,4.88881,True
54.46203,0.76286,1.04886,0.18979,0.34411,4.96391,True
54.56203,0.78503,1.02595,0.20502,0.35786,5.04132,True
54.66203,0.80473,0.99892,0.22069,0.37161,5.12083,True
54.76203,0.82151,0.9682,0.23672,0.38531,5.20217,True
54.86203,0.83493,0.93421,0.25303,0.39891,5.28502,True
54.96203,0.84458,0.89743,0.26951,0.41232,5.36903,True
55.06203,0.85011,0.85835,0.28602,0.42544,5.4538,True
55.16203,0.85124,0.81745,0.30244,0.43816,5.53891,True
55.26203,0.84777,0.77522,0.3186,0.45034,5.6239,True
55.36203,0.83958,0.73209,0.3343,0.46181,5.70831,True
55.46203,0.82669,0.68849,0.34936,0.47238,5.79166,True
55.56203,0.80917,0.64477,0.36357,0.48185,5.87349,True
55.66203,0.78722,0.60127,0.37668,0.48999,5.95335,True
55.76203,0.76113,0.55826,0.38848,0.49656,6.0308,True
55.86203,0.73127,0.51595,0.39872,0.50132,6.10545,True
55.96203,0.69807,0.47452,0.40718,0.50403,6.17694,True
56.06203,0.66202,0.43414,0.41364,0.50445,6.24497,True
56.16203,0.62364,0.3949,0.41789,0.50237,6.30927,True
56.26203,0.58347,0.3569,0.41977,0.49761,6.36964,True
56.36203,0.54205,0.32023,0.41912,0.49004,6.42592,True
56.46203,0.49991,0.28494,0.41585,0.47955,6.47802,True
56.56203,0.45753,0.25109,0.40989,0.46613,6.52589,True
56.66203,0.41537,0.21872,0.40123,0.4498,6.56954,True
56.76203,0.37379,0.18784,0.3899,0.43068,6.60899,True
56.86203,0.33311,0.15845,0.37601,0.40891,6.64432,True
56.96203,0.29354,0.13051,0.35969,0.38476,6.67565,True
57.06203,0.25521,0.10394,0.34111,0.3585,6.70307,True
57.16203,0.21816,0.07862,0.32053,0.33047,6.72673,True
57.26203,0.18235,0.05438,0.29819,0.30104,6.74675,True
57.36203,0.14766,0.031,0.27439,0.27059,6.76324,True
57.46203,0.1139,0.00819,0.24944,0.2395,6.77631,True
57.56203,0.08084,-0.01433,0.22365,0.20812,6.78604,True
57.66203,0.04823,-0.03691,0.19733,0.17679,6.79249,True
57.76203,0.01579,-0.0599,0.17077,0.1458,6.79569,True
57.86203,-0.01673,-0.08362,0.14425,0.11539,6.79565,True
57.96203,-0.04956,-0.10839,0.11798,0.08572,6.79234,True
58.06203,-0.08288,-0.13449,0.09218,0.05693,6.78572,True
58.16203,-0.11682,-0.16214,0.06698,0.02909,6.77574,True
58.26203,-0.15142,-0.19145,0.04249,0.00219,6.76233,True
58.36203,-0.18667,-0.22249,0.01875,-0.0238,6.74543,True
58.46203,-0.22244,-0.25521,-0.00423,-0.04895,6.72498,True
58.56203,-0.25857,-0.28944,-0.0265,-0.07341,6.70093,True
58.66203,-0.29481,-0.32494,-0.04813,-0.0973,6.67326,True
58.76203,-0.33084,-0.36138,-0.06925,-0.12081,6.64198,True
58.86203,-0.36633,-0.39833,-0.08999,-0.1441,6.60711,True
58.96203,-0.40091,-0.4353,-0.1105,-0.16735,6.56874,True
59.06203,-0.4342,-0.47177,-0.13093,-0.19073,6.52698,True
59.16203,-0.46584,-0.50718,-0.15144,-0.21439,6.48196,True
59.26203,-0.49548,-0.54097,-0.17214,-0.23845,6.43387,True
59.36203,-0.52281,-0.5726,-0.19316,-0.26301,6.38294,True
59.46203,-0.54756,-0.60155,-0.21458,-0.28812,6.3294,True
59.56203,-0.56948,-0.62738,-0.23645,-0.3138,6.27352,True
59.66203,-0.5884,-0.64969,-0.25878,-0.34004,6.2156,True
59.76203,-0.60415,-0.66819,-0.28155,-0.36679,6.15594,True
59.86203,-0.61665,-0.68266,-0.30474,-0.39395,6.09488,True
59.96203,-0.62581,-0.69297,-0.32826,-0.42143,6.03272,True
60.06203,-0.63159,-0.69909,-0.35203,-0.44912,5.96983,True
60.16203,-0.63398,-0.7011,-0.37596,-0.47689,5.90652,True
60.26203,-0.63298,-0.69914,-0.39997,-0.50464,5.84314,True
60.36203,-0.62862,-0.69343,-0.42397,-0.53229,5.78003,True
60.46203,-0.62093,-0.68425,-0.44791,-0.55978,5.71753,True
60.56203,-0.60996,-0.67195,-0.47177,-0.58709,5.65596,True
60.66203,-0.59576,-0.65691,-0.49554,-0.61424,5.59564,True
60.76203,-0.57841,-0.6395,-0.51927,-0.64131,5.53691,True
60.86203,-0.558,-0.62013,-0.54305,-0.6684,5.48006,True
60.96203,-0.53462,-0.59918,-0.56701,-0.69566,5.42541,True
61.06203,-0.50841,-0.57701,-0.59129,-0.72328,5.37323,True
61.16203,-0.47952,-0.55395,-0.61611,-0.75146,5.32381,True
61.26203,-0.44812,-0.53028,-0.6417,-0.78046,5.27741,True
61.36203,-0.41445,-0.50623,-0.6683,-0.81051,5.23426,True
61.46203,-0.37875,-0.482,-0.69617,-0.84187,5.19459,True
61.56203,-0.34132,-0.45772,-0.72559,-0.87478,5.15857,True
61.66203,-0.30251,-0.43348,-0.75683,-0.90946,5.12637,True
61.76203,-0.26268,-0.40933,-0.79014,-0.94611,5.0981,True
61.86203,-0.22224,-0.38528,-0.82575,-0.98486,5.07385,True
61.96203,-0.18164,-0.36135,-0.86385,-1.02581,5.05366,True
62.06203,-0.14133,-0.3375,-0.90461,-1.06898,5.03752,True
62.16203,-0.10178,-0.31373,-0.94812,-1.11435,5.02537,True
62.26203,-0.06347,-0.29003,-0.99442,-1.16181,5.01712,True
62.36203,-0.02685,-0.2664,-1.0435,-1.21121,5.01262,True
62.46203,0.00762,-0.24287,-1.09528,-1.26231,5.01168,True
62.56203,0.03954,-0.2195,-1.14959,-1.31484,5.01406,True
62.66203,0.06856,-0.1964,-1.2062,-1.36848,5.01949,True
62.76203,0.09438,-0.17369,-1.26483,-1.42286,5.02767,True
62.86203,0.11678,-0.15153,-1.3251,-1.4776,5.03825,True
62.96203,0.13563,-0.13011,-1.38661,-1.53229,5.0509,True
63.06203,0.15088,-0.10965,-1.44889,-1.58651,5.06526,True
63.16203,0.1626,-0.09035,-1.51141,-1.63984,5.08096,True
63.26203,0.17094,-0.07245,-1.57366,-1.69189,5.09767,True
63.36203,0.17613,-0.05615,-1.63506,-1.74224,5.11505,True
63.46203,0.17849,-0.04163,-1.69507,-1.79052,5.1328,True
63.56203,0.17841,-0.02903,-1.75313,-1.83635,5.15067,True
63.66203,0.1763,-0.01845,-1.80871,-1.8794,5.16842,True
63.76203,0.17262,-0.00991,-1.86132,-1.91934,5.18587,True
63.86203,0.1678,-0.00339,-1.91049,-1.95585,5.2029,True
63.96203,0.16228,0.00123,-1.9558,-1.98864,5.21941,True
64.06203,0.15643,0.00412,-1.99687,-2.01743,5.23535,True
64.16203,0.15059,0.00551,-2.03339,-2.04192,5.2507,True
64.26203,0.14502,0.0057,-2.06506,-2.06185,5.26547,True
64.36203,0.1399,0.00503,-2.09162,-2.07692,5.27972,True
64.46203,0.13534,0.00384,-2.11286,-2.08687,5.29347,True
64.56203,0.13136,0.0025,-2.12857,-2.09139,5.3068,True
64.66203,0.12794,0.00139,-2.13857,-2.09022,5.31976,True
64.76203,0.12499,0.00082,-2.14268,-2.08308,5.33241,True
64.86203,0.12236,0.00111,-2.14074,-2.06973,5.34477,True
64.96203,0.1199,0.00249,-2.13259,-2.04992,5.35688,True
65.06203,0.11746,0.00517,-2.1181,-2.02348,5.36875,True
65.16203,0.11487,0.00926,-2.09714,-1.99025,5.38037,True
65.26203,0.11199,0.01484,-2.06962,-1.95016,5.39172,True
65.36203,0.10872,0.02192,-2.03546,-1.90322,5.40276,True
65.46203,0.10502,0.03043,-1.99466,-1.84952,5.41345,True
65.56203,0.10085,0.04029,-1.94727,-1.78924,5.42374,True
65.66203,0.09625,0.05135,-1.89341,-1.72269,5.4336,True
65.76203,0.09132,0.06344,-1.83326,-1.65027,5.44298,True
65.86203,0.08617,0.07636,-1.76713,-1.5725,5.45186,True
65.96203,0.08097,0.08992,-1.6954,-1.48999,5.46021,True
66.06203,0.07592,0.10388,-1.61854,-1.40347,5.46806,True
66.16203,0.07123,0.11805,-1.53713,-1.31372,5.47541,True
66.26203,0.06713,0.13222,-1.45183,-1.22161,5.48232,True
66.36203,0.06387,0.1462,-1.36337,-1.12805,5.48886,True
66.46203,0.06168,0.15984,-1.27256,-1.03399,5.49513,True
66.56203,0.06079,0.17298,-1.18023,-0.94037,5.50124,True
66.66203,0.06141,0.18551,-1.08727,-0.84814,5.50734,True
66.76203,0.06376,0.19734,-0.99454,-0.75819,5.51358,True
66.86203,0.06799,0.20842,-0.90292,-0.67137,5.52015,True
66.96203,0.07428,0.21871,-0.81325,-0.58845,5.52725,True
67.06203,0.08272,0.22823,-0.72631,-0.5101,5.53508,True
67.16203,0.09342,0.237,-0.64282,-0.4369,5.54387,True
67.26203,0.10641,0.24509,-0.56343,-0.36931,5.55384,True
67.36203,0.12169,0.25257,-0.48869,-0.30768,5.56522,True
67.46203,0.13922,0.25957,-0.41905,-0.25222,5.57825,True
67.56203,0.15891,0.26619,-0.35487,-0.20305,5.59314,True
67.66203,0.18059,0.27256,-0.2964,-0.16016,5.6101,True
67.76203,0.20406,0.27883,-0.24378,-0.12341,5.62932,True
67.86203,0.22904,0.28513,-0.19706,-0.0926,5.65096,True
67.96203,0.25521,0.2916,-0.15621,-0.0674,5.67516,True
68.06203,0.28218,0.29834,-0.12107,-0.04742,5.70203,True
68.16203,0.30951,0.30548,-0.09144,-0.03223,5.73161,True
68.26203,0.33672,0.31308,-0.06704,-0.02133,5.76393,True
68.36203,0.36329,0.32122,-0.04755,-0.01421,5.79893,True
68.46203,0.38867,0.32991,-0.03257,-0.01036,5.83654,True
68.56203,0.4123,0.33917,-0.0217,-0.00926,5.87661,True
68.66203,0.43363,0.34895,-0.01451,-0.01043,5.91893,True
68.76203,0.45214,0.3592,-0.01056,-0.01341,5.96324,True
68.86203,0.46732,0.36982,-0.00939,-0.01775,6.00925,True
68.96203,0.47878,0.38069,-0.01058,-0.02309,6.05658,True
69.06203,0.48616,0.39167,-0.01368,-0.02906,6.10487,True
69.16203,0.48922,0.40259,-0.0183,-0.03537,6.15367,True
69.26203,0.48784,0.41326,-0.02404,-0.04173,6.20256,True
69.36203,0.48202,0.42349,-0.03054,-0.0479,6.2511,True
69.46203,0.4719,0.43309,-0.03746,-0.0537,6.29883,True
69.56203,0.45772,0.44186,-0.0445,-0.05894,6.34534,True
69.66203,0.4399,0.44962,-0.05138,-0.06346,6.39025,True
69.76203,0.41897,0.4562,-0.05786,-0.06716,6.43322,True
69.86203,0.39556,0.46144,-0.06373,-0.06992,6.47396,True
69.96203,0.37042,0.46522,-0.06881,-0.07167,6.51227,True
70.06203,0.34437,0.46745,-0.07296,-0.07234,6.54802,True
70.16203,0.31832,0.46807,-0.07606,-0.07189,6.58115,True
70.26203,0.29316,0.46703,-0.07803,-0.07031,6.61171,True
70.36203,0.26982,0.46434,-0.07882,-0.06761,6.63984,True
70.46203,0.24921,0.46005,-0.07842,-0.06381,6.66576,True
70.56203,0.23215,0.45423,-0.07683,-0.05896,6.6898,True
70.66203,0.21939,0.44697,-0.0741,-0.05314,6.71234,True
70.76203,0.21154,0.43841,-0.07028,-0.04646,6.73384,True
70.86203,0.20909,0.42871,-0.06546,-0.03901,6.75482,True
70.96203,0.2123,0.41803,-0.05975,-0.03094,6.77584,True
71.06203,0.22129,0.40655,-0.05326,-0.0224,6.79747,True
71.16203,0.23594,0.39446,-0.04612,-0.01354,6.82029,True
71.26203,0.25593,0.38194,-0.03847,-0.00452,6.84484,True
71.36203,0.28073,0.36919,-0.03043,0.00449,6.87163,True
71.46203,0.30964,0.35638,-0.02215,0.01335,6.90112,True
71.56203,0.34179,0.34368,-0.01376,0.02189,6.93367,True
71.66203,0.37619,0.33122,-0.00538,0.02999,6.96955,True
71.76203,0.41174,0.31915,0.00288,0.03751,7.00894,True
71.86203,0.44731,0.30757,0.01089,0.04433,7.0519,True
71.96203,0.48176,0.29657,0.01855,0.05037,7.09837,True
72.06203,0.51401,0.28621,0.02577,0.05553,7.14818,True
72.16203,0.54303,0.27655,0.03246,0.05975,7.20106,True
72.26203,0.56792,0.2676,0.03854,0.06299,7.25665,True
72.36203,0.58792,0.25935,0.04393,0.06521,7.31449,True
72.46203,0.60243,0.25181,0.04856,0.06641,7.37405,True
72.56203,0.61102,0.24492,0.05238,0.06659,7.43478,True
72.66203,0.61343,0.23864,0.05535,0.06578,7.49605,True
72.76203,0.6096,0.2329,0.05743,0.06403,7.55726,True
72.86203,0.5996,0.22762,0.05861,0.06139,7.61777,True
72.96203,0.58368,0.22271,0.05887,0.05796,7.67698,True
73.06203,0.56222,0.21807,0.05823,0.05384,7.73432,True
73.16203,0.5357,0.21359,0.05673,0.04912,7.78926,True
73.26203,0.50472,0.20916,0.05441,0.04395,7.84131,True
73.36203,0.46994,0.20464,0.05134,0.03845,7.89008,True
73.46203,0.43205,0.19993,0.0476,0.03276,7.9352,True
73.56203,0.39181,0.19491,0.0433,0.02702,7.97641,True
73.66203,0.34994,0.18945,0.03854,0.02136,8.01351,True
73.76203,0.30719,0.18344,0.03343,0.01591,8.04637,True
73.86203,0.26425,0.17679,0.02811,0.01075,8.07494,True
73.96203,0.22178,0.16941,0.02268,0.006,8.09923,True
74.06203,0.18037,0.1612,0.01725,0.0017,8.11933,True
74.16203,0.14055,0.15213,0.01194,-0.00209,8.13536,True
74.26203,0.10277,0.14213,0.00682,-0.00536,8.14751,True
74.36203,0.06742,0.1312,0.00196,-0.00814,8.15599,True
74.46203,0.0348,0.11931,-0.00259,-0.01045,8.16108,True
74.56203,0.00515,0.1065,-0.00682,-0.01237,8.16305,True
74.66203,-0.02136,0.09279,-0.01073,-0.014,8.16221,True
74.76203,-0.04463,0.07824,-0.01435,-0.01545,8.15889,True
74.86203,-0.0646,0.06293,-0.01773,-0.01687,8.1534,True
74.96203,-0.08127,0.04696,-0.02095,-0.01841,8.14608,True
75.06203,-0.09468,0.03043,-0.02412,-0.02023,8.13725,True
75.16203,-0.1049,0.01347,-0.02735,-0.02251,8.12725,True
75.26203,-0.11204,-0.00378,-0.03077,-0.02542,8.11637,True
75.36203,-0.11623,-0.02118,-0.03453,-0.02913,8.10493,True
75.46203,-0.11762,-0.03855,-0.03878,-0.03381,8.09322,True
75.56203,-0.11638,-0.05575,-0.04367,-0.03962,8.0815,True
75.66203,-0.1127,-0.0726,-0.04937,-0.04671,8.07002,True
75.76203,-0.10679,-0.08894,-0.05602,-0.05521,8.05903,True
75.86203,-0.09886,-0.10462,-0.06379,-0.06525,8.04873,True
75.96203,-0.08916,-0.11948,-0.0728,-0.07692,8.03932,True
76.06203,-0.07793,-0.13339,-0.0832,-0.09032,8.03095,True
76.16203,-0.06544,-0.14624,-0.0951,-0.10551,8.02377,True
76.26203,-0.05196,-0.15793,-0.10858,-0.12254,8.0179,True
76.36203,-0.03779,-0.1684,-0.12374,-0.14141,8.0134,True
76.46203,-0.02323,-0.1776,-0.14062,-0.16212,8.01035,True
76.56203,-0.00855,-0.18553,-0.15924,-0.18462,8.00876,True
76.66203,0.00595,-0.19218,-0.17959,-0.20883,8.00863,True
76.76203,0.01999,-0.1976,-0.20164,-0.2346,8.00994,True
76.86203,0.03334,-0.20183,-0.2253,-0.26178,8.01261,True
76.96203,0.04576,-0.20494,-0.25045,-0.29013,8.01657,True
77.06203,0.05707,-0.207,-0.27692,-0.3194,8.02172,True
77.16203,0.06712,-0.2081,-0.30451,-0.34928,8.02794,True
77.26203,0.07581,-0.2083,-0.33296,-0.3794,8.0351,True
77.36203,0.08307,-0.20768,-0.36199,-0.40941,8.04306,True
77.46203,0.08889,-0.20633,-0.39127,-0.4389,8.05167,True
77.56203,0.09329,-0.20429,-0.42043,-0.46746,8.06079,True
77.66203,0.09631,-0.20163,-0.44911,-0.49467,8.07028,True
77.76203,0.09804,-0.19839,-0.4769,-0.52012,8.08001,True
77.86203,0.09857,-0.19462,-0.50339,-0.54343,8.08985,True
77.96203,0.09802,-0.19035,-0.5282,-0.56423,8.09969,True
78.06203,0.09649,-0.18563,-0.55094,-0.58221,8.10942,True
78.16203,0.09408,-0.18047,-0.57126,-0.59711,8.11896,True
78.26203,0.09089,-0.17492,-0.58885,-0.60874,8.12821,True
78.36203,0.087,-0.16901,-0.60347,-0.61696,8.13711,True
78.46203,0.08245,-0.16278,-0.61491,-0.62176,8.14559,True
78.56203,0.07727,-0.15627,-0.62306,-0.62317,8.15358,True
78.66203,0.07147,-0.14956,-0.62788,-0.62134,8.16102,True
78.76203,0.06501,-0.1427,-0.62942,-0.61648,8.16785,True
78.86203,0.05785,-0.13577,-0.62779,-0.6089,8.174,True
78.96203,0.04992,-0.12888,-0.6232,-0.59895,8.1794,True
79.06203,0.04114,-0.12213,-0.61592,-0.58705,8.18396,True
79.16203,0.03141,-0.11565,-0.60628,-0.57365,8.18759,True
79.26203,0.02065,-0.10956,-0.59467,-0.55923,8.19021,True
79.36203,0.00877,-0.10402,-0.58152,-0.54426,8.19169,True
79.46203,-0.0043,-0.09918,-0.56728,-0.52922,8.19192,True
79.56203,-0.01862,-0.09522,-0.55241,-0.51456,8.19078,True
79.66203,-0.03419,-0.0923,-0.53735,-0.50068,8.18815,True
79.76203,-0.05101,-0.09061,-0.52254,-0.48794,8.1839,True
79.86203,-0.06903,-0.09031,-0.50838,-0.47663,8.17791,True
79.96203,-0.08814,-0.09158,-0.49522,-0.46701,8.17006,True
80.06203,-0.1082,-0.09456,-0.48335,-0.45923,8.16025,True
80.16203,-0.12905,-0.09939,-0.47301,-0.45341,8.1484,True
80.26203,-0.15046,-0.10619,-0.46438,-0.44957,8.13443,True
80.36203,-0.17219,-0.11502,-0.45754,-0.44771,8.11829,True
80.46203,-0.19397,-0.12593,-0.45256,-0.44773,8.09999,True
80.56203,-0.21551,-0.13892,-0.44939,-0.4495,8.07951,True
80.66203,-0.23655,-0.15395,-0.44797,-0.45287,8.0569,True
80.76203,-0.25681,-0.17094,-0.44816,-0.45762,8.03223,True
80.86203,-0.27607,-0.18976,-0.44979,-0.46351,8.00557,True
80.96203,-0.29413,-0.21023,-0.45265,-0.4703,7.97705,True
81.06203,-0.31085,-0.23216,-0.45651,-0.4777,7.94679,True
81.16203,-0.32616,-0.25532,-0.46112,-0.48544,7.91493,True
81.26203,-0.34004,-0.27947,-0.4662,-0.49324,7.88161,True
81.36203,-0.35256,-0.30435,-0.47149,-0.50083,7.84696,True
81.46203,-0.36383,-0.32973,-0.47671,-0.50794,7.81114,True
81.56203,-0.37403,-0.35539,-0.48162,-0.51432,7.77423,True
81.66203,-0.38339,-0.38115,-0.48595,-0.51974,7.73636,True
81.76203,-0.39219,-0.40687,-0.48948,-0.52397,7.69758,True
81.86203,-0.4007,-0.43245,-0.49198,-0.52683,7.65793,True
81.96203,-0.40924,-0.45785,-0.49325,-0.52815,7.61743,True
82.06203,-0.41809,-0.48307,-0.49313,-0.5278,7.57607,True
82.16203,-0.42755,-0.50817,-0.49147,-0.52567,7.5338,True
82.26203,-0.43789,-0.53324,-0.48815,-0.52171,7.49053,True
82.36203,-0.44932,-0.5584,-0.48309,-0.51587,7.44618,True
82.46203,-0.46205,-0.5838,-0.47624,-0.50817,7.40063,True
82.56203,-0.47624,-0.6096,-0.46757,-0.49865,7.35372,True
82.66203,-0.49201,-0.63595,-0.45711,-0.4874,7.30532,True
82.76203,-0.50947,-0.66301,-0.44491,-0.47453,7.25527,True
82.86203,-0.52867,-0.6909,-0.43106,-0.46019,7.20337,True
82.96203,-0.54967,-0.71971,-0.41569,-0.44455,7.14947,True
83.06203,-0.5725,-0.74949,-0.39896,-0.42783,7.09338,True
83.16203,-0.5972,-0.78027,-0.38105,-0.41024,7.03491,True
83.26203,-0.62376,-0.812,-0.36219,-0.39202,6.97388,True
83.36203,-0.65222,-0.84462,-0.3426,-0.37342,6.91009,True
83.46203,-0.68256,-0.878,-0.32253,-0.35469,6.84337,True
83.56203,-0.71476,-0.912,-0.30226,-0.33608,6.77352,True
83.66203,-0.74881,-0.94641,-0.28203,-0.31782,6.70036,True
83.76203,-0.78463,-0.98103,-0.26211,-0.30013,6.6237,True
83.86203,-0.82214,-1.01562,-0.24275,-0.28323,6.54338,True
83.96203,-0.8612,-1.04992,-0.22416,-0.26726,6.45922,True
84.06203,-0.90161,-1.08366,-0.20655,-0.25238,6.37109,True
84.16203,-0.94315,-1.11656,-0.19007,-0.23868,6.27886,True
84.26203,-0.98549,-1.14832,-0.17487,-0.22622,6.18244,True
84.36203,-1.02825,-1.17863,-0.16104,-0.21503,6.08175,True
84.46203,-1.07099,-1.20718,-0.14862,-0.2051,5.97679,True
84.56203,-1.11318,-1.23364,-0.13764,-0.19638,5.86757,True
84.66203,-1.15423,-1.25769,-0.12806,-0.18878,5.75419,True
84.76203,-1.19349,-1.27898,-0.11983,-0.1822,5.63678,True
84.86203,-1.23025,-1.29719,-0.11286,-0.1765,5.51557,True
84.96203,-1.2638,-1.312,-0.10703,-0.17152,5.39084,True
85.06203,-1.29338,-1.3231,-0.1022,-0.1671,5.26294,True
85.16203,-1.31824,-1.3302,-0.09823,-0.16305,5.13232,True
85.26203,-1.33764,-1.33306,-0.09496,-0.15922,4.99948,True
85.36203,-1.35089,-1.33148,-0.09223,-0.15543,4.86499,True
85.46203,-1.35735,-1.32529,-0.0899,-0.15153,4.72952,True
85.56203,-1.35645,-1.31441,-0.08782,-0.14736,4.59377,True
85.66203,-1.34772,-1.29878,-0.08587,-0.14282,4.45849,True
85.76203,-1.33079,-1.27844,-0.08395,-0.13779,4.32449,True
85.86203,-1.30541,-1.25345,-0.08196,-0.13219,4.19261,True
85.96203,-1.2715,-1.22395,-0.07984,-0.12595,4.06369,True
86.06203,-1.22908,-1.19013,-0.07753,-0.11905,3.93859,True
86.16203,-1.17834,-1.15222,-0.07502,-0.11147,3.81815,True
86.26203,-1.11964,-1.11046,-0.07229,-0.1032,3.70319,True
86.36203,-1.05347,-1.06512,-0.06935,-0.09428,3.59447,True
86.46203,-0.98045,-1.01649,-0.06621,-0.08475,3.49272,True
86.56203,-0.90133,-0.9648,-0.0629,-0.07466,3.39858,True
86.66203,-0.81698,-0.91029,-0.05944,-0.06409,3.31263,True
86.76203,-0.72832,-0.85315,-0.05588,-0.05311,3.23533,True
86.86203,-0.63635,-0.7935,-0.05224,-0.04179,3.16707,True
86.96203,-0.54206,-0.73145,-0.04855,-0.03023,3.10814,True
87.06203,-0.44649,-0.66704,-0.04484,-0.01848,3.0587,True
87.16203,-0.35059,-0.60029,-0.04114,-0.00663,3.01885,True
87.26203,-0.25533,-0.53118,-0.03747,0.0053,2.98856,True
87.36203,-0.16156,-0.45972,-0.03382,0.01725,2.96773,True
87.46203,-0.07009,-0.38591,-0.03022,0.0292,2.95617,True
87.56203,0.01837,-0.30978,-0.02667,0.04114,2.95362,True
87.66203,0.10319,-0.23144,-0.02316,0.05305,2.95973,True
87.76203,0.18384,-0.15104,-0.01969,0.06493,2.97412,True
87.86203,0.25991,-0.06885,-0.01625,0.07675,2.99635,True
87.96203,0.33104,0.01475,-0.01284,0.08851,3.02594,True
88.06203,0.39702,0.09929,-0.00944,0.10018,3.06238,True
88.16203,0.45769,0.18416,-0.00605,0.11174,3.10516,True
88.26203,0.51299,0.26866,-0.00267,0.12315,3.15374,True
88.36203,0.56292,0.35199,0.00071,0.13435,3.20759,True
88.46203,0.60756,0.43332,0.00409,0.1453,3.26615,True
88.56203,0.64705,0.51177,0.00745,0.15591,3.32893,True
88.66203,0.68154,0.58645,0.01079,0.16611,3.3954,True
88.76203,0.71127,0.65654,0.01409,0.1758,3.46508,True
88.86203,0.73646,0.72126,0.01734,0.18489,3.5375,True
88.96203,0.7574,0.77993,0.02049,0.19329,3.61223,True
89.06203,0.77435,0.83199,0.02353,0.20091,3.68885,True
89.16203,0.78762,0.87702,0.02641,0.20767,3.76698,True
89.26203,0.79752,0.91474,0.0291,0.2135,3.84626,True
89.36203,0.80434,0.94503,0.03157,0.21834,3.92638,True
89.46203,0.80839,0.96794,0.03377,0.22217,4.00704,True
89.56203,0.80996,0.98363,0.03568,0.22496,4.08798,True
89.66203,0.80932,0.99244,0.03726,0.22673,4.16896,True
89.76203,0.80674,0.99479,0.0385,0.22751,4.24978,True
89.86203,0.80246,0.99121,0.03938,0.22734,4.33025,True
89.96203,0.79668,0.98233,0.03989,0.22629,4.41022,True
90.06203,0.78961,0.96881,0.04004,0.22447,4.48955,True
90.16203,0.78141,0.95137,0.03984,0.22196,4.56811,True
90.26203,0.77223,0.93074,0.03933,0.21891,4.6458,True
90.36203,0.7622,0.90765,0.03854,0.21545,4.72253,True
90.46203,0.75143,0.88282,0.03752,0.21172,4.79821,True
90.56203,0.74001,0.85692,0.03632,0.20788,4.87279,True
90.66203,0.72804,0.83058,0.03502,0.20409,4.9462,True
90.76203,0.71561,0.80439,0.03368,0.20047,5.01838,True
90.86203,0.70279,0.77885,0.03236,0.19717,5.08931,True
90.96203,0.68969,0.75441,0.03115,0.1943,5.15893,True
91.06203,0.6764,0.73144,0.03009,0.19193,5.22724,True
91.16203,0.66303,0.71024,0.02924,0.19014,5.29421,True
91.26203,0.6497,0.69103,0.02864,0.18895,5.35984,True
91.36203,0.63654,0.67398,0.02832,0.18837,5.42415,True
91.46203,0.62369,0.65919,0.02827,0.18837,5.48716,True
91.56203,0.61129,0.6467,0.02848,0.18888,5.54891,True
91.66203,0.5995,0.63649,0.02893,0.18982,5.60944,True
91.76203,0.58845,0.62849,0.02957,0.1911,5.66883,True
91.86203,0.57828,0.6226,0.03035,0.19258,5.72716,True
91.96203,0.56909,0.61862,0.03119,0.19414,5.78452,True
92.06203,0.56099,0.61637,0.03202,0.19565,5.84102,True
92.16203,0.55401,0.61558,0.03275,0.19698,5.89676,True
92.26203,0.54819,0.61598,0.03333,0.19799,5.95186,True
92.36203,0.54351,0.61725,0.03366,0.19858,6.00643,True
92.46203,0.53992,0.61904,0.03368,0.19864,6.06059,True
92.56203,0.5373,0.62101,0.03334,0.19812,6.11445,True
92.66203,0.53551,0.62277,0.0326,0.19694,6.16808,True
92.76203,0.53439,0.62394,0.03143,0.19509,6.22157,True
92.86203,0.5337,0.62416,0.02983,0.19257,6.27497,True
92.96203,0.53319,0.62305,0.0278,0.1894,6.32832,True
93.06203,0.53261,0.62027,0.02536,0.18561,6.38161,True
93.16203,0.53165,0.61548,0.02257,0.18127,6.43483,True
93.26203,0.53002,0.60841,0.01948,0.17644,6.48792,True
93.36203,0.52742,0.59882,0.01614,0.17121,6.5408,True
93.46203,0.52357,0.5865,0.01264,0.16566,6.59336,True
93.56203,0.51818,0.57134,0.00905,0.15985,6.64546,True
93.66203,0.51103,0.55324,0.00545,0.15387,6.69694,True
93.76203,0.50189,0.53221,0.00192,0.14779,6.7476,True
93.86203,0.49059,0.5083,-0.00149,0.14166,6.79724,True
93.96203,0.47702,0.48162,-0.00471,0.13553,6.84564,True
94.06203,0.46109,0.45235,-0.00771,0.12943,6.89257,True
94.16203,0.4428,0.42071,-0.01044,0.1234,6.93778,True
94.26203,0.42219,0.38698,-0.0129,0.11745,6.98105,True
94.36203,0.39933,0.35147,-0.01509,0.11158,7.02215,True
94.46203,0.37437,0.31452,-0.01703,0.1058,7.06085,True
94.56203,0.34749,0.2765,-0.01874,0.1001,7.09696,True
94.66203,0.31891,0.23777,-0.02026,0.09448,7.13029,True
94.76203,0.28886,0.19872,-0.02166,0.08893,7.16069,True
94.86203,0.2576,0.15973,-0.02298,0.08345,7.18802,True
94.96203,0.22539,0.12113,-0.02429,0.07803,7.21218,True
95.06203,0.19247,0.08327,-0.02565,0.07269,7.23308,True
95.16203,0.15907,0.04646,-0.02712,0.06741,7.25066,True
95.26203,0.12538,0.01096,-0.02875,0.06223,7.26488,True
95.36203,0.09158,-0.023,-0.03058,0.05714,7.27573,True
95.46203,0.05779,-0.05524,-0.03263,0.05218,7.2832,True
95.56203,0.0241,-0.08563,-0.03492,0.04735,7.28729,True
95.66203,-0.00945,-0.11409,-0.03744,0.04268,7.28802,True
95.76203,-0.04286,-0.14063,-0.04018,0.03819,7.28541,True
95.86203,-0.07618,-0.1653,-0.04308,0.03393,7.27945,True
95.96203,-0.10949,-0.18823,-0.0461,0.02991,7.27017,True
96.06203,-0.1429,-0.2096,-0.04917,0.02618,7.25755,True
96.16203,-0.17656,-0.22968,-0.05221,0.02278,7.24158,True
96.26203,-0.21063,-0.24879,-0.05512,0.01975,7.22223,True
96.36203,-0.2453,-0.26728,-0.05781,0.01712,7.19944,True
96.46203,-0.28073,-0.28556,-0.06016,0.01494,7.17314,True
96.56203,-0.31709,-0.30408,-0.0621,0.01322,7.14326,True
96.66203,-0.35455,-0.32328,-0.06351,0.01201,7.10969,True
96.76203,-0.39322,-0.34362,-0.06431,0.0113,7.07231,True
96.86203,-0.43321,-0.36554,-0.06443,0.01111,7.031,True
96.96203,-0.47456,-0.38945,-0.06382,0.01144,6.98562,True
97.06203,-0.51728,-0.41569,-0.06243,0.01226,6.93604,True
97.16203,-0.56132,-0.44459,-0.06025,0.01355,6.88212,True
97.26203,-0.60656,-0.47634,-0.05729,0.01526,6.82374,True
97.36203,-0.65282,-0.5111,-0.05358,0.01734,6.76078,True
97.46203,-0.69986,-0.54889,-0.04916,0.0197,6.69315,True
97.56203,-0.74736,-0.58965,-0.04412,0.02228,6.62079,True
97.66203,-0.79492,-0.63319,-0.03854,0.02499,6.54368,True
97.76203,-0.84209,-0.6792,-0.03253,0.02771,6.46182,True
97.86203,-0.88836,-0.72728,-0.02621,0.03037,6.37529,True
97.96203,-0.93316,-0.7769,-0.01971,0.03288,6.2842,True
98.06203,-0.97591,-0.82746,-0.01315,0.03513,6.18872,True
98.16203,-1.01598,-0.87822,-0.00668,0.03707,6.0891,True
98.26203,-1.05274,-0.92842,-0.0004,0.03862,5.98564,True
98.36203,-1.08557,-0.97721,0.00555,0.03974,5.87868,True
98.46203,-1.1139,-1.0237,0.01108,0.04039,5.76867,True
98.56203,-1.13717,-1.06701,0.01608,0.04055,5.65607,True
98.66203,-1.15492,-1.10623,0.0205,0.04022,5.54142,True
98.76203,-1.16676,-1.14052,0.02426,0.03943,5.42528,True
98.86203,-1.17241,-1.1691,0.02733,0.03818,5.30827,True
98.96203,-1.1717,-1.19126,0.02968,0.03654,5.19101,True
99.06203,-1.1646,-1.20642,0.03132,0.03456,5.07414,True
99.16203,-1.1512,-1.21412,0.03224,0.03229,4.9583,True
99.26203,-1.13173,-1.21406,0.03248,0.02981,4.8441,True
99.36203,-1.10655,-1.20608,0.03207,0.0272,4.73214,True
99.46203,-1.07611,-1.1902,0.03107,0.02453,4.62297,True
99.56203,-1.04098,-1.16661,0.02953,0.02188,4.51707,True
99.66203,-1.00176,-1.13564,0.02752,0.01932,4.4149,True
99.76203,-0.95911,-1.09777,0.02509,0.01693,4.31683,True
99.86203,-0.91368,-1.05364,0.02234,0.01478,4.22317,True
99.96203,-0.8661,-1.00395,0.01933,0.01292,4.13417,True
100.06203,-0.81694,-0.94952,0.01613,0.01143,4.05001,True
100.16203,-0.7667,-0.89119,0.01282,0.01036,3.97082,True
100.26203,-0.71579,-0.82981,0.00947,0.00975,3.89669,True
100.36203,-0.66451,-0.76622,0.00615,0.00966,3.82767,True
100.46203,-0.61306,-0.70117,0.00293,0.01012,3.76379,True
100.56203,-0.56156,-0.63534,-0.00014,0.01118,3.70506,True
100.66203,-0.51,-0.56926,-0.003,0.01287,3.65148,True
100.76203,-0.45833,-0.50334,-0.00559,0.01521,3.60307,True
100.86203,-0.40643,-0.43784,-0.00788,0.01823,3.55982,True
100.96203,-0.35414,-0.37285,-0.00984,0.02194,3.52179,True
101.06203,-0.3013,-0.30834,-0.01142,0.02637,3.48901,True
101.16203,-0.24776,-0.24417,-0.01262,0.0315,3.46155,True
101.26203,-0.1934,-0.1801,-0.01343,0.03733,3.43949,True
101.36203,-0.13815,-0.11582,-0.01383,0.04383,3.4229,True
101.46203,-0.082,-0.05102,-0.01384,0.05097,3.41189,True
101.56203,-0.02503,0.0146,-0.01347,0.05868,3.40653,True
101.66203,0.03261,0.08125,-0.01274,0.06688,3.40691,True
101.76203,0.09066,0.14908,-0.01167,0.07548,3.41307,True
101.86203,0.14883,0.21806,-0.0103,0.08436,3.42504,True
101.96203,0.20671,0.28805,-0.00867,0.09339,3.44282,True
102.06203,0.26387,0.35873,-0.00682,0.10244,3.46636,True
102.16203,0.31981,0.42962,-0.00481,0.11135,3.49556,True
102.26203,0.37402,0.50007,-0.0027,0.11996,3.53027,True
102.36203,0.42594,0.5693,-0.00054,0.1281,3.57028,True
102.46203,0.47503,0.63641,0.00159,0.13561,3.61536,True
102.56203,0.52076,0.70042,0.00362,0.14232,3.66518,True
102.66203,0.56261,0.76028,0.00549,0.14809,3.71938,True
102.76203,0.60012,0.81495,0.00712,0.15277,3.77756,True
102.86203,0.63287,0.86344,0.00843,0.15625,3.83925,True
102.96203,0.66052,0.90482,0.00936,0.15846,3.90396,True
103.06203,0.68279,0.93831,0.00984,0.15933,3.97118,True
103.16203,0.69951,0.96326,0.00982,0.15883,4.04034,True
103.26203,0.71058,0.97924,0.00926,0.15697,4.11089,True
103.36203,0.71601,0.98597,0.00812,0.1538,4.18227,True
103.46203,0.71588,0.98343,0.0064,0.1494,4.25391,True
103.56203,0.71037,0.97177,0.0041,0.1439,4.32527,True
103.66203,0.69976,0.95137,0.00125,0.13743,4.39582,True
103.76203,0.68436,0.92277,-0.00208,0.13019,4.46506,True
103.86203,0.66458,0.88669,-0.00584,0.12236,4.53254,True
103.96203,0.64086,0.84402,-0.00991,0.11419,4.59785,True
104.06203,0.61369,0.79572,-0.01418,0.10589,4.6606,True
104.16203,0.58358,0.74287,-0.01852,0.09771,4.72049,True
104.26203,0.55105,0.6866,-0.02276,0.08989,4.77724,True
104.36203,0.51663,0.62806,-0.02675,0.08265,4.83063,True
104.46203,0.48086,0.56841,-0.03032,0.07622,4.88052,True
104.56203,0.44423,0.50877,-0.03332,0.0708,4.92678,True
104.66203,0.40724,0.45022,-0.03557,0.06657,4.96935,True
104.76203,0.37033,0.39374,-0.03694,0.06368,5.00823,True
104.86203,0.3339,0.34023,-0.03729,0.06226,5.04343,True
104.96203,0.29833,0.29048,-0.03651,0.06243,5.07504,True
105.06203,0.26391,0.24515,-0.03452,0.06425,5.10314,True
105.16203,0.2309,0.20474,-0.03124,0.06777,5.12786,True
105.26203,0.1995,0.16963,-0.02664,0.07299,5.14937,True
105.36203,0.16985,0.14003,-0.02071,0.07989,5.16782,True
105.46203,0.14205,0.11602,-0.01347,0.08843,5.1834,True
105.56203,0.11616,0.09753,-0.00496,0.09852,5.1963,True
105.66203,0.09217,0.08434,0.00475,0.11006,5.2067,True
105.76203,0.07006,0.07613,0.01558,0.1229,5.21479,True
105.86203,0.04979,0.07246,0.0274,0.13688,5.22077,True
105.96203,0.03126,0.07282,0.0401,0.1518,5.22481,True
106.06203,0.01439,0.0766,0.05352,0.16745,5.22708,True
106.16203,-0.00093,0.08319,0.06749,0.1836,5.22774,True
106.26203,-0.01482,0.0919,0.08185,0.19997,5.22694,True
106.36203,-0.02738,0.10207,0.09639,0.21629,5.22482,True
106.46203,-0.03873,0.11305,0.11093,0.23226,5.2215,True
106.56203,-0.04897,0.1242,0.12524,0.24755,5.21711,True
106.66203,-0.0582,0.13495,0.13909,0.26182,5.21174,True
106.76203,-0.06648,0.14476,0.15224,0.27471,5.2055,True
106.86203,-0.0739,0.15317,0.16444,0.28584,5.19847,True
106.96203,-0.08052,0.1598,0.17542,0.29481,5.19074,True
107.06203,-0.08636,0.16433,0.18488,0.3012,5.18239,True
107.16203,-0.09148,0.16654,0.19252,0.30458,5.1735,True
107.26203,-0.09589,0.16629,0.19802,0.30452,5.16412,True
107.36203,-0.09962,0.16349,0.20104,0.30057,5.15434,True
107.46203,-0.10267,0.15817,0.20126,0.29232,5.14422,True
107.56203,-0.10505,0.15038,0.19832,0.27936,5.13383,True
107.66203,-0.10675,0.14028,0.19188,0.26131,5.12323,True
107.76203,-0.10777,0.12805,0.18162,0.23786,5.1125,True
107.86203,-0.10812,0.11393,0.16723,0.20874,5.1017,True
107.96203,-0.10778,0.09818,0.14844,0.17375,5.0909,True
108.06203,-0.10674,0.0811,0.12502,0.13279,5.08017,True
108.16203,-0.105,0.063,0.09678,0.08587,5.06957,True
108.26203,-0.10255,0.04421,0.06362,0.03309,5.05919,True
108.36203,-0.0994,0.02504,0.02551,-0.02533,5.04909,True
108.46203,-0.09552,0.00583,-0.01753,-0.08902,5.03934,True
108.56203,-0.09091,-0.01314,-0.06535,-0.15752,5.03001,True
108.66203,-0.08557,-0.03156,-0.11774,-0.23025,5.02118,True
108.76203,-0.07948,-0.04915,-0.17438,-0.30651,5.01292,True
108.86203,-0.07264,-0.06565,-0.2349,-0.38551,5.00531,True
108.96203,-0.06501,-0.08081,-0.29881,-0.46642,4.99842,True
109.06203,-0.05658,-0.09439,-0.36557,-0.54833,4.99233,True
109.16203,-0.04733,-0.10619,-0.43459,-0.63031,4.98713,True
109.26203,-0.03723,-0.116,-0.50523,-0.71146,4.98289,True
109.36203,-0.02625,-0.12364,-0.57683,-0.79089,4.97971,True
109.46203,-0.01437,-0.12898,-0.64872,-0.86777,4.97767,True
109.56203,-0.00155,-0.13188,-0.72025,-0.94137,4.97687,True
109.66203,0.0122,-0.13225,-0.79079,-1.01106,4.97739,True
109.76203,0.02691,-0.13005,-0.85977,-1.07632,4.97934,True
109.86203,0.04256,-0.12526,-0.92668,-1.13681,4.9828,True
109.96203,0.05912,-0.11792,-0.99108,-1.1923,4.98788,True
110.06203,0.07655,-0.10812,-1.05265,-1.24277,4.99466,True
110.16203,0.09476,-0.096,-1.11113,-1.2883,5.00322,True
110.26203,0.11366,-0.08177,-1.16641,-1.32918,5.01363,True
110.36203,0.13309,-0.06568,-1.21844,-1.36579,5.02597,True
110.46203,0.15286,-0.04804,-1.26732,-1.39866,5.04026,True
110.56203,0.17275,-0.02919,-1.31322,-1.42841,5.05654,True
110.66203,0.19247,-0.00955,-1.35641,-1.45573,5.07481,True
110.76203,0.21171,0.01046,-1.39723,-1.48136,5.09502,True
110.86203,0.23009,0.03039,-1.43609,-1.50605,5.11712,True
110.96203,0.24721,0.04978,-1.47343,-1.53055,5.141,True
111.06203,0.26265,0.06818,-1.50974,-1.55553,5.16651,True
111.16203,0.27594,0.08516,-1.54547,-1.58162,5.19346,True
111.26203,0.28666,0.10031,-1.58107,-1.60931,5.22161,True
111.36203,0.29435,0.1133,-1.61694,-1.63898,5.25069,True
111.46203,0.29861,0.12383,-1.65341,-1.67086,5.28037,True
111.56203,0.29911,0.13168,-1.69072,-1.70502,5.31028,True
111.66203,0.29556,0.1367,-1.72898,-1.74134,5.34005,True
111.76203,0.2878,0.13882,-1.7682,-1.77954,5.36926,True
111.86203,0.27576,0.13805,-1.80822,-1.81914,5.39747,True
111.96203,0.25951,0.13449,-1.84876,-1.85953,5.42427,True
112.06203,0.23927,0.12828,-1.88938,-1.89989,5.44924,True
112.16203,0.21538,0.11966,-1.92946,-1.93932,5.472,True
112.26203,0.18835,0.10889,-1.9683,-1.97675,5.49222,True
112.36203,0.15878,0.09631,-2.00506,-2.01107,5.50959,True
112.46203,0.12741,0.08227,-2.03878,-2.0411,5.52391,True
112.56203,0.09504,0.06714,-2.0685,-2.06565,5.53504,True
112.66203,0.06253,0.05131,-2.09318,-2.08357,5.54292,True
112.76203,0.03072,0.03517,-2.11181,-2.09374,5.54757,True
112.86203,0.00045,0.01907,-2.12345,-2.09516,5.54911,True
112.96203,-0.02752,0.00335,-2.12719,-2.08695,5.54774,True
113.06203,-0.05254,-0.01168,-2.12229,-2.0684,5.5437,True
113.16203,-0.0741,-0.02578,-2.10811,-2.03899,5.53734,True
113.26203,-0.09184,-0.03872,-2.0842,-1.99842,5.52901,True
113.36203,-0.10556,-0.05036,-2.05028,-1.94659,5.51911,True
113.46203,-0.11522,-0.06058,-2.00624,-1.88368,5.50803,True
113.56203,-0.12097,-0.06932,-1.95219,-1.81009,5.49619,True
113.66203,-0.12307,-0.07658,-1.88841,-1.72645,5.48396,True
113.76203,-0.12192,-0.08238,-1.81538,-1.63363,5.47169,True
113.86203,-0.11799,-0.08679,-1.73373,-1.5327,5.45967,True
113.96203,-0.11183,-0.08989,-1.64426,-1.42489,5.44816,True
114.06203,-0.104,-0.09178,-1.54792,-1.3116,5.43736,True
114.16203,-0.09506,-0.0926,-1.44575,-1.19431,5.4274,True
114.26203,-0.08553,-0.09244,-1.33892,-1.07457,5.41837,True
114.36203,-0.07588,-0.09142,-1.22864,-0.95396,5.4103,True
114.46203,-0.06651,-0.08964,-1.1162,-0.83401,5.40318,True
114.56203,-0.05773,-0.08717,-1.00289,-0.71622,5.39697,True
114.66203,-0.04976,-0.08407,-0.88998,-0.60196,5.39161,True
114.76203,-0.04275,-0.08038,-0.77873,-0.49248,5.38699,True
114.86203,-0.03673,-0.0761,-0.67033,-0.38887,5.38302,True
114.96203,-0.03169,-0.07125,-0.56586,-0.29206,5.37961,True
115.06203,-0.02755,-0.06578,-0.46633,-0.20279,5.37666,True
115.16203,-0.02415,-0.05966,-0.3726,-0.12162,5.37408,True
115.26203,-0.02131,-0.05286,-0.28538,-0.04891,5.37181,True
115.36203,-0.01883,-0.04534,-0.20527,0.01514,5.3698,True
115.46203,-0.01646,-0.03705,-0.13269,0.0705,5.36804,True
115.56203,-0.01395,-0.028,-0.06791,0.11729,5.36652,True
115.66203,-0.01104,-0.01818,-0.01106,0.15579,5.36526,True
115.76203,-0.00748,-0.00762,0.03789,0.18637,5.36433,True
115.86203,-0.003,0.00362,0.07907,0.20952,5.3638,True
115.96203,0.00265,0.01545,0.11275,0.22579,5.36377,True
116.06203,0.0097,0.02774,0.13931,0.2358,5.36437,True
116.16203,0.01839,0.04035,0.15918,0.24022,5.36576,True
116.26203,0.02891,0.05308,0.17289,0.23971,5.36811,True
116.36203,0.04143,0.06574,0.181,0.23497,5.37161,True
116.46203,0.05607,0.0781,0.18411,0.22667,5.37647,True
116.56203,0.07291,0.08993,0.18283,0.21546,5.3829,True
116.66203,0.09194,0.10098,0.17777,0.20196,5.39112,True
116.76203,0.1131,0.11102,0.16956,0.18675,5.40136,True
116.86203,0.13622,0.11982,0.15876,0.17039,5.41381,True
116.96203,0.16105,0.12717,0.14593,0.15335,5.42866,True
117.06203,0.18723,0.13286,0.1316,0.13608,5.44606,True
117.16203,0.21431,0.13673,0.11625,0.11898,5.46613,True
117.26203,0.24173,0.13864,0.10032,0.10239,5.48894,True
117.36203,0.26886,0.13848,0.08421,0.08661,5.51447,True
117.46203,0.29497,0.13617,0.06827,0.07188,5.54268,True
117.56203,0.3193,0.13167,0.05282,0.0584,5.57341,True
117.66203,0.34105,0.12497,0.03813,0.04632,5.60645,True
117.76203,0.3594,0.1161,0.02441,0.03572,5.6415,True
117.86203,0.37358,0.10509,0.01186,0.02665,5.67819,True
117.96203,0.38285,0.09204,0.00061,0.01912,5.71606,True
118.06203,0.38659,0.07703,-0.00925,0.01306,5.75458,True
118.16203,0.38424,0.06018,-0.01765,0.0084,5.79318,True
118.26203,0.3754,0.04161,-0.0246,0.00501,5.83121,True
118.36203,0.35982,0.02144,-0.03011,0.00275,5.86803,True
118.46203,0.33739,-0.0002,-0.03424,0.00143,5.90295,True
118.56203,0.30816,-0.02321,-0.03711,0.00087,5.93529,True
118.66203,0.27234,-0.04748,-0.03881,0.00088,5.96437,True
118.76203,0.23028,-0.07293,-0.03952,0.00126,5.98955,True
118.86203,0.18248,-0.0995,-0.03937,0.00184,6.01023,True
118.96203,0.12955,-0.12713,-0.03856,0.00246,6.02588,True
119.06203,0.07217,-0.1558,-0.03723,0.00295,6.036,True
119.16203,0.01114,-0.1855,-0.03557,0.0032,6.04019,True
119.26203,-0.05272,-0.21621,-0.03372,0.00311,6.03813,True
119.36203,-0.11856,-0.24793,-0.03182,0.0026,6.02958,True
119.46203,-0.18549,-0.28062,-0.03,0.00163,6.01438,True
119.56203,-0.25267,-0.31424,-0.02834,0.00016,5.99247,True
119.66203,-0.31927,-0.3487,-0.02692,-0.00179,5.96387,True
119.76203,-0.38455,-0.38389,-0.02579,-0.00419,5.92866,True
119.86203,-0.44779,-0.41967,-0.02496,-0.007,5.88703,True
119.96203,-0.50841,-0.45584,-0.02444,-0.01013,5.83919,True
120.06203,-0.5659,-0.49218,-0.02421,-0.01352,5.78545,True
120.16203,-0.61987,-0.52845,-0.02422,-0.01705,5.72613,True
120.26203,-0.67002,-0.56436,-0.02445,-0.02062,5.6616,True
120.36203,-0.71617,-0.59961,-0.02482,-0.02414,5.59226,True
120.46203,-0.75822,-0.63392,-0.02528,-0.0275,5.5185,True
120.56203,-0.79619,-0.66696,-0.02577,-0.03061,5.44075,True
120.66203,-0.83012,-0.69845,-0.02624,-0.0334,5.3594,True
120.76203,-0.86016,-0.72811,-0.02664,-0.03581,5.27485,True
120.86203,-0.88645,-0.75572,-0.02694,-0.0378,5.18749,True
120.96203,-0.9092,-0.78105,-0.02709,-0.03935,5.09768,True
121.06203,-0.9286,-0.80396,-0.02709,-0.04044,5.00576,True
121.16203,-0.94484,-0.82433,-0.02692,-0.04109,4.91206,True
121.26203,-0.95809,-0.84208,-0.02659,-0.0413,4.81689,True
121.36203,-0.96849,-0.85718,-0.02609,-0.0411,4.72054,True
121.46203,-0.97614,-0.86964,-0.02544,-0.04052,4.62328,True
121.56203,-0.9811,-0.8795,-0.02465,-0.03958,4.5254,True
121.66203,-0.98337,-0.88679,-0.02373,-0.03833,4.42715,True
121.76203,-0.98291,-0.89158,-0.02271,-0.03679,4.32881,True
121.86203,-0.97964,-0.89389,-0.02159,-0.03496,4.23066,True
121.96203,-0.97345,-0.89375,-0.0204,-0.03289,4.13298,True
122.06203,-0.96419,-0.89114,-0.01913,-0.03056,4.03607,True
122.16203,-0.95168,-0.886,-0.01781,-0.02799,3.94025,True
122.26203,-0.93573,-0.87824,-0.01645,-0.02516,3.84585,True
122.36203,-0.91616,-0.86772,-0.01504,-0.02207,3.75322,True
122.46203,-0.89279,-0.85424,-0.0136,-0.0187,3.66274,True
122.56203,-0.86543,-0.83759,-0.01214,-0.01503,3.5748,True
122.66203,-0.83393,-0.81753,-0.01064,-0.01102,3.48979,True
122.76203,-0.79818,-0.79378,-0.00911,-0.00665,3.40815,True
122.86203,-0.75806,-0.7661,-0.00756,-0.0019,3.3303,True
122.96203,-0.71355,-0.7342,-0.00598,0.00328,3.25668,True
123.06203,-0.66462,-0.69784,-0.00436,0.0089,3.18774,True
123.16203,-0.61134,-0.6568,-0.00272,0.01498,3.1239,True
123.26203,-0.55381,-0.61087,-0.00104,0.02154,3.06561,True
123.36203,-0.49224,-0.5599,0.00068,0.02858,3.01327,True
123.46203,-0.42687,-0.50379,0.00244,0.0361,2.96729,True
123.56203,-0.35806,-0.4425,0.00425,0.04409,2.92802,True
123.66203,-0.28624,-0.37609,0.00609,0.05252,2.89578,True
123.76203,-0.21194,-0.30468,0.00798,0.06135,2.87085,True
123.86203,-0.13575,-0.22854,0.00991,0.07052,2.85345,True
123.96203,-0.05837,-0.14802,0.01188,0.07997,2.84374,True
124.06203,0.01944,-0.06364,0.01388,0.0896,2.84179,True
124.16203,0.09689,0.02395,0.0159,0.09932,2.84761,True
124.26203,0.1731,0.11395,0.01793,0.10902,2.86113,True
124.36203,0.24718,0.20541,0.01995,0.11855,2.88216,True
124.46203,0.31826,0.29723,0.02194,0.1278,2.91046,True
124.56203,0.38545,0.38823,0.02386,0.13659,2.94569,True
124.66203,0.44793,0.47711,0.02569,0.14478,2.9874,True
124.76203,0.50496,0.56257,0.02739,0.15219,3.03509,True
124.86203,0.55589,0.64329,0.02889,0.15869,3.08819,True
124.96203,0.60021,0.71801,0.03016,0.16411,3.14605,True
125.06203,0.63757,0.78556,0.03113,0.16834,3.208,True
125.16203,0.66777,0.84491,0.03174,0.17127,3.27333,True
125.26203,0.69079,0.89522,0.03193,0.17283,3.34132,True
125.36203,0.70682,0.93586,0.03164,0.17296,3.41126,True
125.46203,0.71616,0.96642,0.03081,0.17164,3.48246,True
125.56203,0.71931,0.98675,0.02939,0.16889,3.55429,True
125.66203,0.71686,0.99694,0.02736,0.16476,3.62614,True
125.76203,0.70953,0.99736,0.02469,0.15934,3.6975,True
125.86203,0.69807,0.98856,0.02137,0.15272,3.76791,True
125.96203,0.6833,0.97134,0.01742,0.14507,3.837,True
126.06203,0.666,0.94667,0.01286,0.13654,3.90448,True
126.16203,0.64695,0.91564,0.00775,0.12733,3.97014,True
126.26203,0.62686,0.87946,0.00214,0.11765,4.03384,True
126.36203,0.60635,0.83939,-0.00387,0.10769,4.0955,True
126.46203,0.58596,0.79672,-0.0102,0.09769,4.15511,True
126.56203,0.56611,0.75271,-0.01673,0.08786,4.21271,True
126.66203,0.54714,0.70853,-0.02335,0.07841,4.26837,True
126.76203,0.52925,0.66526,-0.02993,0.06954,4.32218,True
126.86203,0.51257,0.62387,-0.03635,0.06143,4.37426,True
126.96203,0.49711,0.58513,-0.04248,0.05424,4.42473,True
127.06203,0.48283,0.54966,-0.04819,0.04813,4.47372,True
127.16203,0.46962,0.51788,-0.05337,0.0432,4.52133,True
127.26203,0.4573,0.49003,-0.0579,0.03955,4.56767,True
127.36203,0.44571,0.46616,-0.06168,0.03722,4.61282,True
127.46203,0.43462,0.44616,-0.06462,0.03625,4.65683,True
127.56203,0.42384,0.42978,-0.06664,0.03664,4.69975,True
127.66203,0.41316,0.41661,-0.0677,0.03835,4.7416,True
127.76203,0.40241,0.40619,-0.06775,0.04131,4.78238,True
127.86203,0.39143,0.39793,-0.06677,0.04544,4.82207,True
127.96203,0.38011,0.39124,-0.06477,0.0506,4.86066,True
128.06203,0.36835,0.3855,-0.06177,0.05664,4.89808,True
128.16203,0.35611,0.38008,-0.05783,0.0634,4.93431,True
128.26203,0.34336,0.37441,-0.05302,0.07067,4.96929,True
128.36203,0.33013,0.36799,-0.04745,0.07823,5.00297,True
128.46203,0.31646,0.36038,-0.04124,0.08585,5.0353,True
128.56203,0.30242,0.35124,-0.03454,0.09331,5.06625,True
128.66203,0.28811,0.34036,-0.02751,0.10035,5.09577,True
128.76203,0.27362,0.32761,-0.02036,0.10675,5.12386,True
128.86203,0.25907,0.31301,-0.01327,0.11229,5.1505,True
128.96203,0.24456,0.29665,-0.00645,0.11674,5.17568,True
129.06203,0.2302,0.27875,-0.00012,0.11993,5.19941,True
129.16203,0.21609,0.25961,0.00552,0.1217,5.22173,True
129.26203,0.20231,0.23958,0.01028,0.12192,5.24264,True
129.36203,0.18893,0.21909,0.01396,0.1205,5.2622,True
129.46203,0.17602,0.19857,0.01643,0.11741,5.28044,True
129.56203,0.16361,0.17847,0.01754,0.11262,5.29742,True
129.66203,0.15174,0.15925,0.01719,0.10619,5.31318,True
129.76203,0.14046,0.1413,0.01533,0.09817,5.32779,True
129.86203,0.12977,0.12499,0.01192,0.08867,5.34129,True
129.96203,0.1197,0.11062,0.00696,0.07783,5.35376,True
130.06203,0.11028,0.09843,0.00049,0.0658,5.36525,True
130.16203,0.10152,0.08859,-0.00743,0.05275,5.37584,True
130.26203,0.09347,0.08119,-0.0167,0.03885,5.38558,True
130.36203,0.08613,0.07623,-0.02723,0.02424,5.39456,True
130.46203,0.07955,0.07368,-0.0389,0.00909,5.40283,True
130.56203,0.07373,0.07342,-0.05158,-0.0065,5.41049,True
130.66203,0.0687,0.07527,-0.06517,-0.02244,5.41761,True
130.76203,0.06445,0.07904,-0.07956,-0.03869,5.42426,True
130.86203,0.06097,0.08447,-0.09468,-0.05524,5.43052,True
130.96203,0.05821,0.09129,-0.11047,-0.07215,5.43647,True
131.06203,0.05612,0.09922,-0.12691,-0.08949,5.44219,True
131.16203,0.0546,0.10794,-0.14399,-0.1074,5.44772,True
131.26203,0.05354,0.11718,-0.16177,-0.12603,5.45312,True
131.36203,0.05282,0.12662,-0.1803,-0.14558,5.45844,True
131.46203,0.05227,0.13599,-0.1997,-0.16626,5.46369,True
131.56203,0.05176,0.14503,-0.22009,-0.18831,5.46889,True
131.66203,0.05113,0.15349,-0.24162,-0.21196,5.47404,True
131.76203,0.05024,0.16115,-0.26446,-0.23744,5.47911,True
131.86203,0.049,0.16783,-0.28877,-0.26499,5.48408,True
131.96203,0.04731,0.17337,-0.31475,-0.29478,5.48889,True
132.06203,0.04514,0.17764,-0.34254,-0.327,5.49352,True
132.16203,0.0425,0.18054,-0.37231,-0.36176,5.49791,True
132.26203,0.03946,0.18203,-0.40416,-0.39914,5.50201,True
132.36203,0.03611,0.18208,-0.4382,-0.43917,5.50579,True
132.46203,0.03261,0.18068,-0.47448,-0.48178,5.50922,True
132.56203,0.02915,0.17789,-0.51299,-0.52689,5.51231,True
132.66203,0.02593,0.17376,-0.55369,-0.57433,5.51506,True
132.76203,0.02317,0.1684,-0.59648,-0.62386,5.51751,True
132.86203,0.02109,0.16191,-0.64122,-0.6752,5.51972,True
132.96203,0.0199,0.15445,-0.6877,-0.72799,5.52176,True
133.06203,0.01975,0.14615,-0.73566,-0.78183,5.52373,True
133.16203,0.02079,0.1372,-0.7848,-0.83626,5.52575,True
133.26203,0.0231,0.12775,-0.83478,-0.89079,5.52793,True
133.36203,0.0267,0.11799,-0.88518,-0.94487,5.53041,True
133.46203,0.03158,0.10807,-0.93558,-0.99791,5.53331,True
133.56203,0.03767,0.09817,-0.98551,-1.04929,5.53677,True
133.66203,0.04485,0.08842,-1.03446,-1.09838,5.54088,True
133.76203,0.053,0.07898,-1.08188,-1.1445,5.54577,True
133.86203,0.06195,0.06994,-1.12723,-1.18697,5.55151,True
133.96203,0.07154,0.06144,-1.16992,-1.2251,5.55818,True
134.06203,0.08158,0.05355,-1.20935,-1.25819,5.56583,True
134.16203,0.09194,0.04635,-1.24494,-1.2856,5.57451,True
134.26203,0.10248,0.0399,-1.27609,-1.30669,5.58423,True
134.36203,0.11309,0.03426,-1.30223,-1.32088,5.59501,True
134.46203,0.12368,0.02946,-1.32282,-1.32767,5.60684,True
134.56203,0.13421,0.02552,-1.33736,-1.32665,5.61974,True
134.66203,0.14462,0.02246,-1.34541,-1.31751,5.63368,True
134.76203,0.1549,0.02028,-1.34659,-1.30005,5.64866,True
134.86203,0.16503,0.01899,-1.34062,-1.27421,5.66466,True
134.96203,0.17497,0.01856,-1.32731,-1.24007,5.68166,True
135.06203,0.1847,0.019,-1.30656,-1.19785,5.69965,True
135.16203,0.19416,0.02027,-1.27838,-1.14792,5.71859,True
135.26203,0.20327,0.02236,-1.24292,-1.09078,5.73847,True
135.36203,0.2119,0.02524,-1.20043,-1.02709,5.75923,True
135.46203,0.21993,0.02887,-1.15125,-0.9576,5.78083,True
135.56203,0.22716,0.03322,-1.09589,-0.88322,5.80319,True
135.66203,0.23341,0.03822,-1.03492,-0.8049,5.82623,True
135.76203,0.23846,0.04383,-0.96903,-0.72369,5.84983,True
135.86203,0.24207,0.04995,-0.89899,-0.64069,5.87387,True
135.96203,0.244,0.05649,-0.82566,-0.557,5.89819,True
136.06203,0.24405,0.06334,-0.74995,-0.47375,5.92261,True
136.16203,0.24201,0.07034,-0.6728,-0.39201,5.94693,True
136.26203,0.2377,0.07733,-0.59518,-0.31281,5.97094,True
136.36203,0.23102,0.08413,-0.51808,-0.23708,5.99439,True
136.46203,0.22187,0.09052,-0.44244,-0.16568,6.01706,True
136.56203,0.21024,0.09628,-0.36917,-0.09934,6.03868,True
136.66203,0.19617,0.10118,-0.29913,-0.03867,6.05903,True
136.76203,0.17977,0.10497,-0.23309,0.01587,6.07784,True
136.86203,0.16118,0.10743,-0.17171,0.06393,6.09491,True
136.96203,0.14066,0.10834,-0.11556,0.10533,6.11001,True
137.06203,0.11847,0.10751,-0.06507,0.14002,6.12298,True
137.16203,0.09495,0.1048,-0.02055,0.16806,6.13366,True
137.26203,0.07049,0.10008,0.01782,0.18967,6.14194,True
137.36203,0.04549,0.0933,0.05,0.20516,6.14774,True
137.46203,0.02039,0.08443,0.07606,0.21491,6.15104,True
137.56203,-0.00436,0.07353,0.0962,0.21943,6.15183,True
137.66203,-0.02831,0.06067,0.11072,0.21925,6.15019,True
137.76203,-0.05104,0.04601,0.12003,0.21499,6.14621,True
137.86203,-0.07215,0.02974,0.12457,0.20726,6.14004,True
137.96203,-0.0913,0.01209,0.1249,0.19672,6.13185,True
138.06203,-0.10819,-0.00669,0.12156,0.18402,6.12185,True
138.16203,-0.12262,-0.02631,0.11517,0.16979,6.11029,True
138.26203,-0.13445,-0.04649,0.10631,0.15464,6.09741,True
138.36203,-0.14366,-0.06694,0.09559,0.13914,6.08349,True
138.46203,-0.15031,-0.08738,0.08358,0.12379,6.06877,True
138.56203,-0.15455,-0.10759,0.07082,0.10905,6.0535,True
138.66203,-0.15665,-0.12734,0.05779,0.09529,6.03793,True
138.76203,-0.15698,-0.14647,0.04495,0.08282,6.02223,True
138.86203,-0.15598,-0.16489,0.03267,0.07186,6.00657,True
138.96203,-0.15419,-0.18256,0.02126,0.06255,5.99106,True
139.06203,-0.1522,-0.19949,0.01099,0.05495,5.97574,True
139.16203,-0.15069,-0.2158,0.00204,0.04906,5.96061,True
139.26203,-0.15034,-0.23165,-0.00547,0.0448,5.94557,True
139.36203,-0.15188,-0.24728,-0.01147,0.04205,5.93048,True
139.46203,-0.15602,-0.26297,-0.01595,0.04064,5.91511,True
139.56203,-0.16346,-0.27908,-0.01896,0.04035,5.89916,True
139.66203,-0.17483,-0.29598,-0.02057,0.04097,5.88228,True
139.76203,-0.19072,-0.31406,-0.02089,0.04225,5.86405,True
139.86203,-0.2116,-0.33373,-0.02008,0.04395,5.84398,True
139.96203,-0.23786,-0.35538,-0.0183,0.04584,5.82155,True
140.06203,-0.26972,-0.37937,-0.01573,0.04772,5.79622,True
140.16203,-0.30727,-0.40599,-0.01254,0.04938,5.76742,True
140.26203,-0.35044,-0.43548,-0.00893,0.05067,5.73458,True
140.36203,-0.39897,-0.468,-0.00508,0.05145,5.69715,True
140.46203,-0.45245,-0.50359,-0.00115,0.05164,5.65462,True
140.56203,-0.51027,-0.5422,0.0027,0.05115,5.60652,True
140.66203,-0.57168,-0.58366,0.00634,0.04996,5.55245,True
140.76203,-0.63577,-0.62767,0.00965,0.04806,5.4921,True
140.86203,-0.70149,-0.67382,0.01254,0.04548,5.42524,True
140.96203,-0.76768,-0.7216,0.01494,0.04227,5.35178,True
141.06203,-0.83312,-0.77038,0.01679,0.03848,5.27173,True
141.16203,-0.89651,-0.81947,0.01809,0.0342,5.18523,True
141.26203,-0.95655,-0.86806,0.01881,0.02954,5.09254,True
141.36203,-1.01192,-0.91535,0.01899,0.02459,4.99407,True
141.46203,-1.06139,-0.96047,0.01865,0.01948,4.89035,True
141.56203,-1.10376,-1.00254,0.01783,0.01432,4.78203,True
141.66203,-1.13798,-1.04071,0.01659,0.00924,4.66987,True
141.76203,-1.16314,-1.07415,0.015,0.00434,4.55473,True
141.86203,-1.17848,-1.10209,0.01312,-0.00025,4.43756,True
141.96203,-1.18349,-1.1238,0.01102,-0.00441,4.31937,True
142.06203,-1.17783,-1.13867,0.00878,-0.00805,4.20122,True
142.16203,-1.16145,-1.14617,0.00644,-0.01106,4.08416,True
142.26203,-1.13451,-1.14589,0.00409,-0.01337,3.96928,True
142.36203,-1.09743,-1.13754,0.00176,-0.01489,3.85759,True
142.46203,-1.05086,-1.12097,-0.00049,-0.01557,3.7501,True
142.56203,-0.99566,-1.09617,-0.00262,-0.01537,3.64771,True
142.66203,-0.93286,-1.06329,-0.00461,-0.01426,3.55122,True
142.76203,-0.86364,-1.02258,-0.00642,-0.01224,3.46135,True
142.86203,-0.78932,-0.97448,-0.00805,-0.00933,3.37866,True
142.96203,-0.71125,-0.9195,-0.00948,-0.00557,3.30361,True
143.06203,-0.63081,-0.85828,-0.0107,-0.001,3.23649,True
143.16203,-0.54939,-0.79155,-0.01173,0.0043,3.17748,True
143.26203,-0.46829,-0.7201,-0.01256,0.01025,3.1266,True
143.36203,-0.38875,-0.64473,-0.0132,0.01676,3.08377,True
143.46203,-0.31189,-0.56628,-0.01365,0.02374,3.04876,True
143.56203,-0.23868,-0.48556,-0.01393,0.03108,3.02127,True
143.66203,-0.16995,-0.40333,-0.01405,0.03868,3.00088,True
143.76203,-0.10635,-0.32033,-0.01401,0.04645,2.98711,True
143.86203,-0.04835,-0.23721,-0.01383,0.0543,2.97942,True
143.96203,0.00377,-0.15457,-0.01351,0.06215,2.97724,True
144.06203,0.0499,-0.07294,-0.01307,0.06992,2.97998,True
144.16203,0.09012,0.00721,-0.01251,0.07756,2.98703,True
144.26203,0.12465,0.08543,-0.01185,0.08501,2.99782,True
144.36203,0.15387,0.16131,-0.0111,0.09222,3.01178,True
144.46203,0.17827,0.23448,-0.01027,0.09915,3.02843,True
144.56203,0.19843,0.30453,-0.00936,0.10576,3.0473,True
144.66203,0.215,0.37112,-0.0084,0.11203,3.068,True
144.76203,0.22868,0.43386,-0.00738,0.11792,3.0902,True
144.86203,0.24015,0.49242,-0.00633,0.12341,3.11366,True
144.96203,0.2501,0.54646,-0.00524,0.12851,3.13818,True
145.06203,0.25916,0.59569,-0.00413,0.13318,3.16365,True
145.16203,0.26787,0.63983,-0.00301,0.13745,3.19,True
145.26203,0.27672,0.67865,-0.00188,0.1413,3.21723,True
145.36203,0.28606,0.71196,-0.00074,0.14473,3.24536,True
145.46203,0.29614,0.7396,0.00039,0.14776,3.27447,True
145.56203,0.30708,0.76146,0.00152,0.15037,3.30462,True
145.66203,0.31888,0.77748,0.00263,0.15258,3.33591,True
145.76203,0.3314,0.78762,0.00374,0.15439,3.36842,True
145.86203,0.3444,0.79193,0.00483,0.1558,3.40221,True
145.96203,0.35754,0.79048,0.0059,0.15681,3.43731,True
146.06203,0.37038,0.7834,0.00696,0.15743,3.47371,True
146.16203,0.38243,0.77087,0.00799,0.15764,3.51136,True
146.26203,0.39314,0.75312,0.00901,0.15745,3.55015,True
146.36203,0.40194,0.73041,0.01,0.15684,3.58992,True
146.46203,0.40828,0.70305,0.01098,0.1558,3.63045,True
146.56203,0.41161,0.6714,0.01192,0.15433,3.67148,True
146.66203,0.41146,0.63582,0.01284,0.1524,3.71266,True
146.76203,0.40743,0.59673,0.01373,0.15,3.75364,True
146.86203,0.39922,0.55455,0.01459,0.14713,3.79401,True
146.96203,0.38663,0.50972,0.01541,0.14377,3.83334,True
147.06203,0.36962,0.4627,0.01618,0.13992,3.87119,True
147.16203,0.34827,0.41396,0.01691,0.13559,3.90712,True
147.26203,0.32282,0.36398,0.01758,0.13079,3.94071,True
147.36203,0.29363,0.31324,0.0182,0.12553,3.97156,True
147.46203,0.26119,0.26223,0.01874,0.11986,3.99933,True
147.56203,0.22613,0.21147,0.01922,0.1138,4.02371,True
147.66203,0.18912,0.16145,0.01961,0.10743,4.04449,True
147.76203,0.15094,0.1127,0.01992,0.10082,4.0615,True
147.86203,0.11236,0.06574,0.02014,0.09405,4.07466,True
147.96203,0.07419,0.02108,0.02026,0.08721,4.08398,True
148.06203,0.03718,-0.02074,0.02028,0.08041,4.08954,True
148.16203,0.00204,-0.05925,0.02018,0.07376,4.09148,True
148.26203,-0.03059,-0.09396,0.01997,0.0674,4.09003,True
148.36203,-0.06017,-0.12446,0.01963,0.06143,4.08546,True
148.46203,-0.08628,-0.15036,0.01915,0.05601,4.07811,True
148.56203,-0.1086,-0.17134,0.01851,0.05128,4.06833,True
148.66203,-0.12694,-0.18717,0.01771,0.04736,4.05652,True
148.76203,-0.14122,-0.19767,0.01673,0.0444,4.04308,True
148.86203,-0.15148,-0.20278,0.01556,0.04253,4.02841,True
148.96203,-0.15783,-0.20252,0.01419,0.04187,4.01291,True
149.06203,-0.16051,-0.19703,0.01263,0.04252,3.99696,True
149.16203,-0.15981,-0.18654,0.01085,0.04458,3.98092,True
149.26203,-0.15607,-0.17142,0.00888,0.04809,3.9651,True
149.36203,-0.14971,-0.15211,0.00672,0.05309,3.94979,True
149.46203,-0.14115,-0.12919,0.0044,0.05955,3.93523,True
149.56203,-0.13084,-0.1033,0.00192,0.0674,3.92162,True
149.66203,-0.11921,-0.07518,-0.00066,0.07652,3.90911,True
149.76203,-0.10669,-0.04565,-0.00332,0.08671,3.89781,False
149.86203,-0.09371,-0.01559,-0.006,0.09771,3.88779,False
149.96203,-0.08062,0.01407,-0.00866,0.10919,3.87907,False
150.06203,-0.06776,0.04238,-0.01122,0.12074,3.87165,False
150.16203,-0.05543,0.06834,-0.01362,0.13189,3.8655,False
150.26203,-0.04387,0.09096,-0.01579,0.14208,3.86054,False
150.36203,-0.03325,0.10927,-0.01766,0.15071,3.8567,False
150.46203,-0.02372,0.12233,-0.01915,0.15712,3.85386,False
150.56203,-0.01538,0.12922,-0.02018,0.16062,3.85191,False
150.66203,-0.00825,0.12912,-0.02068,0.16048,3.85074,False
150.76203,-0.00234,0.12128,-0.02057,0.15599,3.85022,False
150.86203,0.00238,0.10507,-0.0198,0.14646,3.85023,False
150.96203,0.006,0.07995,-0.0183,0.13124,3.85066,False
151.06203,0.0086,0.04555,-0.01604,0.10978,3.8514,False
151.16203,0.01031,0.00163,-0.01298,0.08159,3.85235,False
151.26203,0.01125,-0.05189,-0.00911,0.04634,3.85343,False
151.36203,0.01158,-0.1149,-0.00443,0.00384,3.85458,False
151.46203,0.01144,-0.18713,0.00104,-0.04594,3.85574,False
151.56203,0.01096,-0.26812,0.00728,-0.10284,3.85686,False
151.66203,0.01027,-0.35722,0.01421,-0.16651,3.85792,False
151.76203,0.00951,-0.45361,0.02179,-0.23641,3.85891,False
151.86203,0.00877,-0.5563,0.02992,-0.31181,3.85982,False
151.96203,0.00814,-0.66417,0.03851,-0.39178,3.86067,False
152.06203,0.00768,-0.77595,0.04745,-0.47527,3.86146,False
152.16203,0.00743,-0.89029,0.05662,-0.56107,3.86221,False
