t,t_unix,lat,lon,alt_msl,hacc,speed,speed_acc,bearing,bearing_acc,bearing_fresco,speed_fresca,leste,norte,t_corr,sim_time,residuo_m,usado_na_fusao,x,y
-0.08524518,1791048995.2427545,-23.6478717,-46.57323805,770.71081575,18.34441911,,,,,False,False,59.73152958,42.34077349,-1.08048163,-1.18048163,,False,59.73152958,-42.34077349
1.68206592,1791048997.010066,-23.6480026,-46.57303906,762.1167872,14.0,2.06999993,1.33000004,0.33008072,12.81864564,False,True,80.03355708,27.84341416,0.68682947,0.58682947,0.81025197,True,80.03355708,-27.84341416
2.68692813,1791048998.014928,-23.64800147,-46.57303755,765.07467294,3.53553391,1.37,1.03999996,0.703125,43.60514002,True,True,80.18748869,27.96873767,1.69169168,1.59169168,0.66379477,True,80.18748869,-27.96873767
3.68806298,1791048999.016063,-23.6479754,-46.57303152,768.12606454,3.53553391,1.37,0.34999999,3.515625,7.35111062,True,False,80.80321513,30.85582011,2.69282653,2.59282653,0.29085741,True,80.80321513,-30.85582011
4.68678016,1791049000.01478,-23.64794661,-46.57303638,767.36043954,3.53553391,3.1500001,0.13,1.0546875,2.18725282,True,True,80.30721327,34.04460731,3.69154371,3.59154371,0.46877113,True,80.30721327,-34.04460731
5.68360499,1791049001.011605,-23.6479099,-46.5730347,767.29818368,3.53553391,4.40999985,0.09,0.60029775,1.39108296,True,True,80.4782484,38.11065911,4.68836854,4.58836854,0.62385073,True,80.4782484,-38.11065911
6.67168922,1791049001.9996889,-23.64786832,-46.57303319,767.18917489,3.53553391,4.84000015,0.28,0.60029775,3.86465337,False,True,80.63218001,42.71513786,5.67645277,5.57645277,0.70239446,True,80.63218001,-42.71513786
7.67169613,1791049002.999696,-23.64782469,-46.57303277,767.00472665,3.53553391,4.84000015,0.16,0.60029775,2.12727181,False,False,80.67493879,47.54705558,6.67645968,6.57645968,0.68354808,True,80.67493879,-47.54705558
8.67169485,1791049003.9996948,-23.64778547,-46.57303143,766.49740243,3.53553391,4.84000015,0.07,0.60029775,1.16861271,False,False,80.81176688,51.89160407,7.6764584,7.5764584,0.2940167,True,80.81176688,-51.89160407
9.6717079,1791049004.999708,-23.64775148,-46.57303018,766.64364266,3.53553391,4.13999987,0.07,1.75667834,1.28360033,True,True,80.94004322,55.65595111,8.67647145,8.57647145,0.24086798,True,80.94004322,-55.65595111
10.67171866,1791049005.9997187,-23.64772206,-46.573029,766.59750009,3.53553391,3.0999999,0.07,1.75667834,1.57535997,False,True,81.05976781,58.91436248,9.67648221,9.57648221,0.6143459,True,81.05976781,-58.91436248
11.67171635,1791049006.999716,-23.64769716,-46.57302892,766.64352059,3.53553391,3.0999999,0.07,357.81195068,1.88612515,True,False,81.06831957,61.6714798,10.6764799,10.5764799,0.98047919,True,81.06831957,-61.6714798
12.67172403,1791049007.9997241,-23.64767612,-46.57302959,766.51327157,3.53553391,2.52999997,0.07,357.81195068,2.28175873,False,True,80.99990552,64.00156884,11.67648758,11.57648758,1.3349481,True,80.99990552,-64.00156884
13.67173786,1791049008.9997375,-23.6476533,-46.57303065,766.51327147,4.74865153,2.52999997,0.30801571,357.38494873,9.86483867,True,False,80.89128396,66.52896167,12.67650141,12.57650141,1.29111325,True,80.89128396,-66.52896167
14.67173734,1791049009.9997373,-23.64763145,-46.57303556,766.61874022,4.74865153,2.52999997,0.30801571,357.38494873,9.86483867,False,False,80.39093359,68.94908679,13.67650089,13.57650089,1.34151694,True,80.39093359,-68.94908679
15.67174477,1791049010.9997447,-23.64760349,-46.57302004,766.36739758,4.74865153,2.83999991,0.30801571,357.38494873,8.78804307,False,True,81.97441822,72.04632839,14.67650832,14.57650832,2.52910299,True,81.97441822,-72.04632839
16.67175526,1791049011.9997556,-23.64756534,-46.57301922,766.27315957,4.74865153,3.4000001,0.30801571,347.83459473,7.34060025,True,True,82.05792232,76.27164264,15.67651881,15.57651881,3.24636011,True,82.05792232,-76.27164264
17.67175245,1791049012.9997525,-23.64753534,-46.57302624,766.19735388,4.74865153,3.3499999,0.30801571,347.83459473,7.45016187,False,True,81.34169966,79.59398538,16.676516,16.576516,3.41210586,True,81.34169966,-79.59398538
18.67175962,1791049013.9997597,-23.64750946,-46.5730323,766.13863806,4.74865153,3.3499999,0.30801571,347.83459473,7.45016187,False,False,80.72376983,82.4604352,17.67652317,17.57652317,3.43634857,True,80.72376983,-82.4604352
19.67177165,1791049014.9997716,-23.64749554,-46.57303555,766.19857417,4.74865153,2.44000006,1.36000001,355.88973171,7.47026921,True,True,80.39149924,84.00177374,18.6765352,18.5765352,3.68109095,True,80.39149924,-84.00177374
20.67177267,1791049015.9997728,-23.6474762,-46.57305836,766.1493799,4.74865153,2.61999989,0.94999999,3.51562437,7.4974951,True,True,78.0648101,86.14358701,19.67653622,19.57653622,2.1031977,True,78.0648101,-86.14358701
21.67177344,1791049016.9997735,-23.64745114,-46.57305788,766.06478518,4.74865153,2.61999989,0.60000002,347.83459473,18.55613936,True,False,78.11383961,88.91876852,20.67653699,20.57653699,2.24809079,True,78.11383961,-88.91876852
22.67177267,1791049017.9997728,-23.64741968,-46.57305894,765.89608411,4.74865153,2.8599999,0.30801571,347.83459473,8.72658828,False,True,78.00502591,92.40315135,21.67653622,21.57653622,2.34130041,True,78.00502591,-92.40315135
23.67177267,1791049018.9997728,-23.64737383,-46.57307323,765.8942538,4.74865153,4.19999981,0.30801571,347.83459473,7.25897452,False,True,76.54742441,97.48135598,22.67653622,22.57653622,2.01736058,True,76.54742441,-97.48135598
24.67177216,1791049019.999772,-23.64733227,-46.57310075,765.62350235,4.74865153,4.9000001,0.30801571,331.07846069,7.25897452,True,True,73.73990553,102.08410206,23.67653571,23.57653571,2.05527212,True,73.73990553,-102.08410206
25.67177114,1791049020.999771,-23.64729306,-46.57313972,765.36153945,4.74865153,4.9000001,0.30801571,312.53820801,7.25897452,True,False,69.76339859,106.42745789,24.67653469,24.57653469,2.1629531,True,69.76339859,-106.42745789
26.67176909,1791049021.999769,-23.64726014,-46.57317867,764.26766759,4.74865153,5.15999985,0.30801571,312.53820801,7.25897452,False,True,65.78962384,110.07367785,25.67653264,25.57653264,2.35119238,True,65.78962384,-110.07367785
27.67176678,1791049022.9997668,-23.64722406,-46.57322135,763.49618361,4.74865153,5.63000011,0.30801571,312.53820801,7.25897452,False,True,61.43562496,114.06866992,26.67653033,26.57653033,3.21266827,True,61.43562496,-114.06866992
28.67176371,1791049023.9997637,-23.64722173,-46.57330108,762.96884042,4.74865153,6.23000002,0.30801571,289.27047729,7.25897452,True,True,53.30099471,114.32738322,27.67652726,27.57652726,1.51044121,True,53.30099471,-114.32738322
29.67176166,1791049024.9997616,-23.64720559,-46.57336748,762.08431922,4.74865153,6.51999998,0.30801571,289.27047729,7.25897452,False,True,46.52572875,116.11516824,28.67652521,28.57652521,2.21150739,True,46.52572875,-116.11516824
30.67175782,1791049025.9997578,-23.64719206,-46.57343447,761.52267371,4.74865153,6.51999998,0.30801571,272.71179199,7.25897452,True,False,39.69087382,117.61343657,29.67652137,29.57652137,2.3505908,True,39.69087382,-117.61343657
31.6717545,1791049026.9997547,-23.64718707,-46.57350971,761.09530599,4.74865153,6.94000006,0.30801571,277.73440203,7.25897452,True,True,32.01506401,118.16545254,30.67651805,30.57651805,2.95160431,True,32.01506401,-118.16545254
32.67174989,1791049027.9997497,-23.64719,-46.57357696,760.48202474,4.74865153,6.94000006,0.30801571,270.70315228,7.25897452,True,False,25.15381506,117.84122995,31.67651344,31.57651344,2.83667346,True,25.15381506,-117.84122995
33.67174528,1791049028.9997454,-23.64720434,-46.57366962,758.33276436,7.99999971,6.50921863,1.30203099,267.53532575,16.20716673,True,True,15.69973443,116.25306773,32.67650883,32.57650883,5.6113475,True,15.69973443,-116.25306773
34.67174118,1791049029.999741,-23.64722382,-46.57372934,758.40114334,7.99999969,6.23559185,1.29118372,260.13299256,16.77776096,True,True,9.60682067,114.09601197,33.67650473,33.57650473,5.58218477,True,9.60682067,-114.09601197
35.67173581,1791049030.9997356,-23.64720843,-46.57379302,758.03363639,7.99999969,6.10044502,1.20037369,261.98620605,16.28198156,True,True,3.11010847,115.80036027,34.67649936,34.57649936,4.98495574,True,3.11010847,-115.80036027
36.67173222,1791049031.9997323,-23.64721436,-46.57384346,757.76904642,7.99999974,5.36901567,1.29840859,262.70492554,19.59382394,True,True,-2.03626853,115.1433607,35.67649577,35.57649577,4.59670075,True,-2.03626853,-115.1433607
37.67172634,1791049032.9997263,-23.64722789,-46.57385832,757.73393185,7.99999944,3.17933133,0.71734083,262.70492554,18.31119061,False,True,-3.55260435,113.64534628,36.67648989,36.57648989,1.7435408,True,-3.55260435,-113.64534628
38.67172045,1791049033.9997203,-23.64723323,-46.57388146,758.14303026,7.99999945,2.98134411,0.71435446,262.42526245,18.18368437,True,True,-5.91348792,113.05396084,37.676484,37.576484,1.09501332,True,-5.91348792,-113.05396084
39.67171533,1791049034.999715,-23.6472369,-46.57391015,758.37522873,7.99999947,3.11052637,0.74903801,262.42526245,18.47567401,False,True,-8.84093521,112.64654044,38.67647888,38.57647888,1.05100726,True,-8.84093521,-112.64654044
40.6717097,1791049035.9997098,-23.64724202,-46.57395058,757.76072889,7.99999926,4.07718606,0.71844306,262.42526245,14.25397102,False,True,-12.96521906,112.08014651,39.67647325,39.57647325,1.60397789,True,-12.96521906,-112.08014651
41.67170406,1791049036.999704,-23.64724843,-46.57400205,757.68094661,7.99999907,5.02781718,0.71853618,262.42526245,11.5769769,False,True,-18.21671008,111.37005174,40.67646761,40.57646761,2.28124378,True,-18.21671008,-111.37005174
42.67169715,1791049037.9996972,-23.64725472,-46.57406208,757.27281808,7.9999986,5.83929434,0.71826082,259.68280029,9.93086858,True,True,-24.34122869,110.67396569,41.6764607,41.5764607,3.00063087,True,-24.34122869,-110.67396569
43.67169203,1791049038.9996917,-23.64726827,-46.57412908,757.05256829,7.99999839,6.52098807,0.71815516,259.68280029,8.88070399,False,True,-31.17748582,109.17269787,42.67645558,42.57645558,3.52048656,True,-31.17748582,-109.17269787
44.67168589,1791049039.999686,-23.64728149,-46.57419761,756.97026427,7.99999823,7.00954838,0.71825901,259.68280029,8.27551684,False,True,-38.16891255,107.70890765,43.67644944,43.57644944,3.72182863,True,-38.16891255,-107.70890765
45.67167872,1791049040.9996786,-23.647294,-46.57427338,757.08389899,8.23170412,7.38875676,0.71849172,259.68280029,7.87377357,False,True,-45.90006539,106.3227136,44.67644227,44.57644227,4.28450981,True,-45.90006539,-106.3227136
46.67167206,1791049041.9996724,-23.64730434,-46.57434365,756.98796496,8.17812326,7.26846813,0.71848309,259.68280029,8.00356493,False,True,-53.06929853,105.17802225,45.67643561,45.57643561,4.24984527,True,-53.06929853,-105.17802225
47.67166515,1791049042.9996653,-23.64731604,-46.57441468,756.89870239,8.13165241,7.23366293,0.71853568,259.68280029,8.04675917,False,True,-60.31602762,103.88161822,46.6764287,46.5764287,4.40079972,True,-60.31602762,-103.88161822
48.67166003,1791049043.9996603,-23.6473269,-46.57447364,756.36864971,8.10050698,6.51696296,0.71796057,259.68280029,8.87408527,False,True,-66.33148278,102.67980192,47.67642358,47.57642358,3.57509878,True,-66.33148278,-102.67980192
49.6716521,1791049044.9996521,-23.64733633,-46.57453308,756.91972854,8.07866076,6.06954636,0.88422118,259.68280029,11.79052958,False,True,-72.39639798,101.63450312,48.67641565,48.57641565,3.40112106,True,-72.39639798,-101.63450312
50.67164416,1791049045.999644,-23.64734434,-46.57458301,756.1505087,8.06393306,5.35000173,0.97029544,259.68280029,14.66178503,False,True,-77.49054941,100.74733877,49.67640771,49.57640771,2.91521918,True,-77.49054941,-100.74733877
51.67163699,1791049046.999637,-23.64734998,-46.57461466,755.61564426,8.05327773,4.08756605,0.71797932,259.6288147,14.12156573,True,True,-80.71922536,100.12307934,50.67640054,50.57640054,1.45010231,True,-80.71922536,-100.12307934
52.67163008,1791049047.99963,-23.64735614,-46.57465185,755.98445551,8.04566675,4.08621508,0.88655172,259.6288147,17.20087307,False,True,-84.51409638,99.44054176,51.67639363,51.57639363,1.58895948,True,-84.51409638,-99.44054176
53.67162291,1791049048.9996228,-23.64736132,-46.57468217,755.16904838,8.0399584,3.9223915,0.99252785,259.6288147,19.72810309,False,True,-87.60717787,98.86754155,52.67638646,52.57638646,1.24112066,True,-87.60717787,-98.86754155
54.67161472,1791049049.9996147,-23.64736795,-46.57472376,755.18416773,8.03551842,4.50592225,0.8743636,259.6288147,15.71005756,False,True,-91.8498657,98.1332653,53.67637827,53.57637827,1.62152024,True,-91.8498657,-98.1332653
55.67160806,1791049050.999608,-23.64737367,-46.57476968,754.79272783,8.03196651,5.02796059,0.91117902,259.6288147,14.66112602,False,True,-96.53585519,97.49984709,54.67637161,54.57637161,1.67880518,True,-96.53585519,-97.49984709
56.67159962,1791049051.9995997,-23.64735234,-46.57484143,754.23137145,8.02896858,6.03161146,0.71772934,271.07220459,9.62242378,True,True,-103.85556127,99.86136397,55.67636317,55.57636317,4.82325887,True,-103.85556127,-99.86136397
57.67159219,1791049052.9995923,-23.64735119,-46.57490839,753.69726952,8.02611653,6.64838669,0.71757474,271.07220459,8.72837003,False,True,-110.68756128,99.9892325,56.67635574,56.57635574,5.70886517,True,-110.68756128,-99.9892325
58.67158426,1791049053.9995844,-23.64735007,-46.57497337,752.80932451,8.02289663,6.72646068,0.71700583,271.07220459,8.60598642,False,True,-117.31687905,100.11330794,57.67634781,57.57634781,5.95998978,True,-117.31687905,-100.11330794
59.67157658,1791049054.9995766,-23.64736255,-46.57504041,751.98386469,8.01944348,6.7896928,0.7162111,274.77319336,8.48740385,True,True,-124.15748086,98.73115943,58.67634013,58.57634013,5.2990336,True,-124.15748086,-98.73115943
60.67156941,1791049055.9995692,-23.64734295,-46.57509546,751.18048837,8.01656602,6.16714395,0.71512451,274.77319336,9.31889893,False,True,-129.77398967,100.9016215,59.67633296,59.57633296,6.41521565,True,-129.77398967,-100.9016215
61.67156045,1791049056.9995604,-23.64733896,-46.5751473,750.82768958,8.01448085,5.59880555,0.71614328,274.77319336,10.31962069,False,True,-135.06284098,101.34325227,60.676324,60.576324,6.87234161,True,-135.06284098,-101.34325227
62.67155379,1791049057.9995537,-23.64738031,-46.57519678,750.39004291,8.01287177,5.09693938,0.71603433,267.53186035,11.3334784,True,True,-140.11091844,96.76399073,61.67631734,61.57631734,3.87187997,True,-140.11091844,-96.76399073
63.6715456,1791049058.9995456,-23.64736866,-46.57524056,750.29340886,8.01158443,4.93063387,0.71813576,267.53186035,11.79308891,False,True,-144.57760763,98.05424358,62.67630915,62.57630915,5.93979776,True,-144.57760763,-98.05424358
64.6715369,1791049059.999537,-23.64737013,-46.57527707,750.04792501,8.01053113,5.28236153,0.71974075,267.44927979,11.03352223,True,True,-148.30273886,97.89157081,63.67630045,63.57630045,8.05206724,True,-148.30273886,-97.89157081
65.67153024,1791049060.9995303,-23.64749202,-46.57521791,749.43683729,8.00965366,5.22877056,0.81411031,182.34565735,12.60156804,True,True,-142.26712642,84.39176644,64.67629379,64.57629379,7.09437543,True,-142.26712642,-84.39176644
66.67152154,1791049061.9995215,-23.64754473,-46.57522026,749.89271197,8.00891119,5.48923647,0.80158428,182.34565735,11.82748154,False,True,-142.50626978,78.5536425,65.67628509,65.57628509,8.39608491,True,-142.50626978,-78.5536425
67.67151411,1791049062.9995143,-23.64759003,-46.57522227,750.84934332,8.00827462,5.48812208,0.71458214,182.34565735,10.5073659,False,True,-142.71178501,73.53639933,66.67627766,66.57627766,7.64203231,True,-142.71178501,-73.53639933
68.67150592,1791049063.999506,-23.64763147,-46.57523074,751.44213333,8.00772295,5.62847345,0.71422577,167.01835632,10.15240748,True,True,-143.57617426,68.94757073,67.67626947,67.57626947,5.08155444,True,-143.57617426,-68.94757073
69.67149798,1791049064.999498,-23.64768265,-46.57521794,751.79774556,8.00724031,5.84713111,0.71611062,167.01835632,9.83318426,False,True,-142.26944475,63.27922444,68.67626153,68.57626153,4.5097723,True,-142.26944475,-63.27922444
70.67148979,1791049065.99949,-23.64774202,-46.57520308,752.2990495,8.0067597,6.41885175,0.71722008,167.01835632,9.0182178,False,True,-140.75362705,56.70378912,69.67625334,69.57625334,4.20717774,True,-140.75362705,-56.70378912
71.67148134,1791049066.9994812,-23.64780345,-46.57518759,752.89639481,8.00610693,6.84515796,0.71671631,166.88502502,8.44948282,True,True,-139.17288099,49.90014677,70.67624489,70.57624489,3.90425188,True,-139.17288099,-49.90014677
72.67147315,1791049067.9994729,-23.64785019,-46.57517594,752.85643661,8.00531223,6.77121399,0.71449163,167.25933838,8.5645041,True,True,-137.9846437,44.72364406,71.6762367,71.5762367,2.20924459,True,-137.9846437,-44.72364406
73.67146496,1791049068.999465,-23.64792135,-46.57514248,753.38701715,8.00443022,7.59487119,0.71753119,167.48182678,7.59684882,True,True,-134.57048978,36.84219888,72.67622851,72.57622851,3.45148,True,-134.57048978,-36.84219888
74.67145728,1791049069.9994574,-23.64799571,-46.57512529,753.76897742,8.00334782,8.06831692,0.71772959,167.48182678,7.21806309,False,True,-132.81741567,28.60627157,73.67622083,73.57622083,3.31923818,True,-132.81741567,-28.60627157
75.67144832,1791049070.9994483,-23.64806479,-46.57510736,753.33850959,8.00242999,8.14383586,0.71834844,162.93968201,7.25885163,True,True,-130.98734804,20.9558745,74.67621187,74.57621187,2.82326485,True,-130.98734804,-20.9558745
76.67144115,1791049071.9994414,-23.64813575,-46.57509054,753.09068541,8.00172243,8.09613948,0.71849655,162.93968201,7.25396928,False,True,-129.27202368,13.09637967,75.6762047,75.5762047,2.45025879,True,-129.27202368,-13.09637967
77.67143168,1791049072.9994316,-23.64820591,-46.57507255,752.88620218,8.00116267,7.95668469,0.71830175,162.93968201,7.3087683,False,True,-127.43632858,5.32556642,76.67619523,76.57619523,2.26141241,True,-127.43632858,-5.32556642
78.67142426,1791049073.9994242,-23.64828022,-46.57505406,753.24229168,8.00078816,8.10854208,0.71803227,162.93968201,7.25879807,False,True,-125.54979547,-2.90410961,77.67618781,77.57618781,2.8997489,True,-125.54979547,2.90410961
79.67141581,1791049074.999416,-23.64833972,-46.57500002,753.56812164,8.00052729,8.15443884,0.71739143,155.34703064,7.25849719,True,True,-120.03599802,-9.49374281,78.67617936,78.57617936,2.5225761,True,-120.03599802,9.49374281
80.67140736,1791049075.9994073,-23.6484076,-46.5749662,753.92541741,8.00035055,8.17134022,0.71841863,155.34703064,7.25840246,False,True,-116.58581197,-17.01134131,79.67617091,79.57617091,2.59753912,True,-116.58581197,17.01134131
81.67139866,1791049076.9993987,-23.64846552,-46.57492338,754.48378863,8.00023401,8.1397441,0.71391686,144.46965027,7.25624802,True,True,-112.21732841,-23.42631197,80.67616221,80.57616221,2.3620418,True,-112.21732841,23.42631197
82.67139021,1791049077.9993901,-23.64852145,-46.5748783,754.9730348,8.00015627,7.66037522,0.71249849,143.78479004,7.58957979,True,True,-107.61765136,-29.62085848,81.67615376,81.57615376,2.25366238,True,-107.61765136,29.62085848
83.67138227,1791049078.9993825,-23.64857553,-46.57483531,755.1152585,8.00010743,7.3768723,0.71408613,143.78479004,7.88590264,False,True,-103.23173541,-35.61021111,82.67614582,82.57614582,2.0766458,True,-103.23173541,35.61021111
84.67137408,1791049079.9993742,-23.64863304,-46.57481057,755.54311722,8.00007515,6.66520204,0.71078009,143.78479004,8.71610193,False,True,-100.7070071,-41.98018838,83.67613763,83.57613763,2.04629223,True,-100.7070071,41.98018838
85.67136538,1791049080.9993653,-23.64867089,-46.57477317,756.00723477,8.00005469,5.79169405,0.7092362,136.3228302,10.00395409,True,True,-96.89116868,-46.17205415,84.67612893,84.57612893,1.76956118,True,-96.89116868,46.17205415
86.67135744,1791049081.9993575,-23.64867993,-46.57472987,756.17086183,8.00004317,4.48520788,0.71682459,136.3228302,12.86596014,False,True,-92.4740478,-47.17271501,85.67612099,85.57612099,1.08422909,True,-92.4740478,47.17271501
87.67134822,1791049082.9993482,-23.64869621,-46.57471389,756.04292727,8.0000364,3.13735012,0.71834704,136.3228302,18.50421058,False,True,-90.84365192,-48.97565043,86.67611177,86.57611177,2.18178556,True,-90.84365192,48.97565043
88.67134054,1791049083.9993405,-23.64871627,-46.57469292,756.64224518,8.00003123,2.93308663,0.71375499,136.3228302,18.3306397,False,True,-88.70380583,-51.19744562,87.67610409,87.57610409,2.23790151,True,-88.70380583,51.19744562
89.67133184,1791049084.999332,-23.64873792,-46.57467036,756.89585992,8.00002726,3.37729459,0.71770143,136.3228302,16.95978232,False,True,-86.401775,-53.59609037,88.67609539,88.57609539,1.89972324,True,-86.401775,53.59609037
90.67132339,1791049085.9993236,-23.64876645,-46.57464074,757.42901568,8.00002421,4.19184251,0.71687128,136.43287659,13.58757678,True,True,-83.38020295,-56.75546048,89.67608694,89.57608694,1.18136965,True,-83.38020295,56.75546048
91.67131469,1791049086.9993148,-23.64880019,-46.57460611,757.38317497,8.00002179,4.94062849,0.71850197,136.43287659,11.77740213,False,True,-79.84650342,-60.49226606,90.67607824,90.57607824,0.59080624,True,-79.84650342,60.49226606
92.67130624,1791049087.9993062,-23.64883936,-46.57456545,758.26360007,8.00001977,5.65790831,0.71697937,136.32382202,10.15015876,True,True,-75.69812943,-64.83081301,91.67606979,91.57606979,0.28465385,True,-75.69812943,64.83081301
93.67129754,1791049088.9992976,-23.64888046,-46.57452369,758.6853499,8.00001829,6.16579917,0.71770661,136.11506653,9.37637798,True,True,-71.43830625,-69.38277619,92.67606109,92.57606109,0.525582,True,-71.43830625,69.38277619
94.67128909,1791049089.999289,-23.64892479,-46.57447522,759.57885347,8.00001695,6.68495292,0.71722968,137.55957031,8.58433735,True,True,-66.49219729,-74.29212847,93.67605264,93.57605264,1.06274424,True,-66.49219729,74.29212847
95.67128115,1791049090.9992812,-23.6489762,-46.57442529,759.85488156,8.00001405,7.19983101,0.71783278,136.73561096,8.02902555,True,True,-61.39834052,-79.98539063,94.6760447,94.5760447,1.70364216,True,-61.39834052,79.98539063
96.67127322,1791049091.9992733,-23.64902448,-46.57437658,759.38875349,8.00001069,7.30115962,0.71797866,136.73561096,7.97349684,False,True,-56.42892921,-85.33341732,95.67603677,95.57603677,1.80594479,True,-56.42892921,85.33341732
97.67126323,1791049092.9992633,-23.64907028,-46.57432931,759.48416225,8.00000885,7.1220468,0.71848308,136.73561096,8.16931241,False,True,-51.60581213,-90.40526259,96.67602678,96.57602678,1.7065468,True,-51.60581213,90.40526259
98.67125555,1791049093.9992557,-23.64911079,-46.57428714,759.67569056,8.00000685,6.56311882,0.71794139,136.97688293,8.82175312,True,True,-47.3040116,-94.89272343,97.6760191,97.5760191,1.24963959,True,-47.3040116,94.89272343
99.6712471,1791049094.999247,-23.6491467,-46.57425109,759.22012162,8.00000477,5.62732672,0.71754645,136.97688293,10.33346472,False,True,-43.62531385,-98.86897865,98.67601065,98.57601065,0.95831407,True,-43.62531385,98.86897865
100.67123891,1791049095.999239,-23.64917149,-46.57422763,758.18468187,8.00000392,4.21916375,0.71749527,136.97688293,13.61176418,False,True,-41.23225853,-101.61480977,99.67600246,99.57600246,1.53775469,True,-41.23225853,101.61480977
101.67123046,1791049096.9992304,-23.64919422,-46.57420348,758.18816957,8.00000331,3.72416481,0.71815041,136.35836792,15.62481655,True,True,-38.76769611,-104.13250023,100.67599401,100.57599401,1.86035249,True,-38.76769611,104.13250023
102.67122202,1791049097.999222,-23.64921407,-46.5741821,757.48053487,8.00000304,3.31338082,0.71638208,136.35836792,17.02014974,False,True,-36.58675533,-106.33058412,101.67598557,101.57598557,2.25138699,True,-36.58675533,106.33058412
103.67121382,1791049098.9992142,-23.64923705,-46.57415827,757.71311618,8.00000244,3.66825651,0.71816659,136.35836792,15.76944186,False,True,-34.15491538,-108.87639277,102.67597737,102.57597737,2.28169073,True,-34.15491538,108.87639277
104.67120512,1791049099.999205,-23.64926879,-46.57412636,757.17636961,8.00000187,4.45007272,0.71849952,135.13272095,13.07289477,True,True,-30.8998468,-112.39133058,103.67596867,103.57596867,2.05511444,True,-30.8998468,112.39133058
105.67119642,1791049100.9991965,-23.64930279,-46.57408854,756.83679581,8.0000019,5.01163535,0.71856165,135.13272095,11.61772924,False,True,-27.04126743,-116.15736063,104.67595997,104.57595997,1.93978306,True,-27.04126743,116.15736063
106.67118797,1791049101.999188,-23.64933708,-46.57405076,756.42057226,8.00000162,5.20637798,0.71855565,135.13272095,11.18239559,False,True,-23.18675246,-119.95404789,105.67595152,105.57595152,2.08900466,True,-23.18675246,119.95404789
107.67117978,1791049102.9991798,-23.64937055,-46.5740152,755.83619437,8.00000152,5.22666876,0.71849209,136.0136261,11.13472944,True,True,-19.55820935,-123.66093223,106.67594333,106.57594333,2.37544606,True,-19.55820935,123.66093223
108.67117133,1791049103.9991713,-23.6494034,-46.57398046,755.01006887,8.00000087,5.12524524,0.71772815,136.0136261,11.26673324,False,True,-16.01397175,-127.29926158,107.67593488,107.57593488,2.56779759,True,-16.01397175,127.29926158
109.67116262,1791049104.9991627,-23.64944656,-46.57395722,754.24246354,8.00000088,5.00718903,0.7168982,136.0136261,11.46403457,False,True,-13.64251093,-132.07950385,108.67592617,108.57592617,4.28222946,True,-13.64251093,132.07950385
110.67115366,1791049105.9991536,-23.64947972,-46.57392177,753.57329859,8.00000072,4.97167451,0.71926414,134.82575989,11.65813678,True,True,-10.02586423,-135.75285231,109.67591721,109.57591721,4.41559653,True,-10.02586423,135.75285231
111.67114547,1791049106.9991455,-23.64951319,-46.5738697,753.39882548,8.00000074,5.09293417,0.71822015,112.03797913,11.42070722,True,True,-4.71325227,-139.45886908,110.67590902,110.57590902,4.27218713,True,-4.71325227,139.45886908
112.67113651,1791049107.9991362,-23.64953181,-46.57381975,753.58636768,8.00000078,5.2274014,0.71407018,112.03797913,11.13007164,False,True,0.38304473,-141.52185647,111.67590006,111.57590006,4.48429526,True,0.38304473,141.52185647
113.67112832,1791049108.9991283,-23.6495304,-46.57374081,753.03913675,8.00000091,5.76775087,0.71975261,90.0,10.11137132,True,True,8.43644703,-141.36554543,112.67589187,112.57589187,3.68363515,True,8.43644703,141.36554543
114.67112013,1791049109.9991202,-23.64947692,-46.57367902,752.60007585,8.0000012,5.30406912,0.67944495,57.5805397,10.37776331,True,True,14.74101166,-135.44240163,113.67588368,113.57588368,1.55699396,True,14.74101166,135.44240163
115.67111117,1791049110.999111,-23.64942823,-46.57363845,753.38958997,7.800632,5.48229445,0.74094427,45.65086365,10.95481691,True,True,18.87961175,-130.04923099,114.67587472,114.57587472,2.6926039,True,18.87961175,130.04923099
116.67110272,1791049111.9991028,-23.64939564,-46.57360231,753.78914693,7.61590784,5.30939767,0.77991464,45.14779282,11.91154639,True,True,22.5669969,-126.4402659,115.67586627,115.57586627,2.25410253,True,22.5669969,126.4402659
117.67109478,1791049112.9990947,-23.64936084,-46.57356434,754.61319114,7.38396346,5.45911806,0.74691903,45.14779282,11.08708052,False,True,26.44101122,-122.58615173,116.67585833,116.57585833,2.17487307,True,26.44101122,122.58615173
118.67108608,1791049113.9990861,-23.64932833,-46.57352805,754.95135542,7.11476534,5.47558494,0.73873169,45.88164902,10.93606685,True,True,30.143971,-118.98550377,117.67584963,117.57584963,1.70705738,True,30.143971,118.98550377
119.67107763,1791049114.9990776,-23.64927864,-46.57349259,755.76202128,6.89342818,6.06727147,0.71755249,45.88164902,9.59214025,False,True,33.7616458,-113.48230637,118.67584118,118.57584118,2.40258106,True,33.7616458,113.48230637
120.67106842,1791049115.9990685,-23.64924081,-46.57344861,756.57601537,7.03305853,6.04760568,0.71788879,45.20759583,9.57834321,True,True,38.24867964,-109.29223899,119.67583197,119.57583197,2.5047863,True,38.24867964,109.29223899
121.67106099,1791049116.999061,-23.64920655,-46.57341658,757.22367121,7.14049667,5.30577507,0.71749025,45.20759583,10.85254477,False,True,41.51678469,-105.49779182,120.67582454,120.57582454,1.91833416,True,41.51678469,105.49779182
122.67105254,1791049117.9990525,-23.64917931,-46.57338712,757.48029927,7.22644701,4.45189081,0.71812797,45.20759583,13.00161569,False,True,44.52206658,-102.48106274,121.67581609,121.57581609,1.22252214,True,44.52206658,102.48106274
123.67104307,1791049118.999043,-23.64915965,-46.57336389,758.45864211,7.29677006,3.44070338,0.71425866,45.91947556,15.85288377,True,True,46.89284455,-100.30404888,122.67580662,122.57580662,0.31691598,True,46.89284455,100.30404888
124.67103488,1791049119.999035,-23.64914241,-46.5733443,758.91175265,7.35537232,2.87594359,0.71322523,45.91947556,18.30742629,False,True,48.89106198,-98.39429088,123.67579843,123.57579843,0.23533506,True,48.89106198,98.39429088
125.67102618,1791049120.9990258,-23.64912719,-46.57332721,759.00590326,7.40495909,2.81324805,0.71806412,45.91947556,20.44194958,False,True,50.6346963,-96.708756,124.67578973,124.57578973,0.7989432,True,50.6346963,96.708756
126.67101773,1791049121.9990177,-23.6491019,-46.57329913,759.54739168,7.44746171,3.79355516,0.7178339,45.65525055,15.15860623,True,True,53.49924698,-93.90799866,125.67578128,125.57578128,0.37806629,True,53.49924698,93.90799866
127.67100954,1791049122.9990096,-23.64907332,-46.57326818,759.499988,7.48429752,4.20888806,0.71831754,45.65525055,13.8315112,False,True,56.65756491,-90.74201608,126.67577309,126.57577309,0.60340873,True,56.65756491,90.74201608
128.67100109,1791049123.999001,-23.64904168,-46.57323306,759.67854294,7.51652879,4.76171938,0.71826876,45.65525055,12.1807642,False,True,60.24061036,-87.23811889,127.67576464,127.57576464,1.05840684,True,60.24061036,87.23811889
129.6709929,1791049124.998993,-23.64900877,-46.57319593,759.74203027,7.54496817,5.1387588,0.71831456,45.65525055,11.2926204,False,True,64.02827349,-83.59321175,128.67575645,128.57575645,1.51670967,True,64.02827349,83.59321175
130.67098419,1791049125.998984,-23.64897444,-46.57315749,759.59194514,7.57024767,5.29140323,0.71846124,45.65525055,10.98838708,False,True,67.95032827,-79.79132513,129.67574774,129.57574774,1.91739533,True,67.95032827,79.79132513
131.670976,1791049126.998976,-23.64893863,-46.57311899,759.70163643,7.59286617,5.46839448,0.71811445,40.84766769,10.58389468,True,True,71.87899206,-75.82458636,130.67573955,130.57573955,2.25024788,True,71.87899206,75.82458636
132.67196774,1791049127.9999676,-23.6489035,-46.57308397,759.55412059,7.61322303,5.40556481,0.71840144,40.84766769,10.764261,False,True,75.45185099,-71.93413098,131.67673129,131.57673129,2.28005059,True,75.45185099,71.93413098
133.67197414,1791049128.9999745,-23.64886002,-46.57305305,759.50692669,7.63256183,5.60436411,0.71815368,40.84766769,10.38692722,False,True,78.60673257,-67.11826978,132.67673769,132.57673769,1.98856246,True,78.60673257,67.11826978
134.67196365,1791049129.9999638,-23.64881553,-46.57303207,759.83626919,7.65093362,5.45151056,0.71416692,26.11404419,10.6359889,True,True,80.74658265,-62.19162965,133.6767272,133.5767272,1.13802315,True,80.74658265,62.19162965
135.67196365,1791049130.9999638,-23.6487623,-46.57302265,759.74539226,7.66838705,5.69625406,0.71449136,5.97215986,10.19533739,True,True,81.70747037,-56.29552553,134.6767272,134.5767272,0.90569843,True,81.70747037,56.29552553
136.67196749,1791049131.9999676,-23.64871011,-46.57302436,759.45388281,7.68496778,5.77944225,0.71660909,0.75481379,10.06799063,True,True,81.53292979,-50.51529115,135.67673104,135.57673104,1.51655984,True,81.53292979,50.51529115
137.67195699,1791049132.999957,-23.64865319,-46.5730272,759.30347383,7.70071975,6.07504273,0.76095013,0.75481379,10.14785416,False,True,81.24390093,-44.21163079,136.67672054,136.57672054,1.91187512,True,81.24390093,44.21163079
138.67196288,1791049133.9999628,-23.64859834,-46.57303093,759.14908369,7.71568389,6.20533617,0.82121119,0.87209469,10.7222335,True,True,80.86292538,-38.13651513,137.67672643,137.57672643,1.95171406,True,80.86292538,38.13651513
139.67196954,1791049134.9999695,-23.64854521,-46.57303368,758.95876902,7.73044896,6.03311608,0.82649015,0.87209469,11.09999857,False,True,80.58241774,-32.25231327,138.67673309,138.57673309,1.7921222,True,80.58241774,32.25231327
140.6719639,1791049135.9999638,-23.64849353,-46.57303695,758.92626713,7.74392641,5.83034375,0.80703375,0.87209469,11.21684427,False,True,80.24910646,-26.52887253,139.67672745,139.57672745,1.73197498,True,80.24910646,26.52887253
141.67197389,1791049136.9999738,-23.6484414,-46.57303775,759.28624215,7.75771708,5.6245593,0.86042757,0.87209469,12.36778109,False,True,80.16704553,-20.75507312,140.67673744,140.57673744,1.69908237,True,80.16704553,20.75507312
142.67197389,1791049137.9999738,-23.64840022,-46.57303875,759.03535225,7.76983124,4.77635441,0.76922852,0.26851088,13.04938489,True,True,80.06520053,-16.19435111,141.67673744,141.57673744,1.35453752,True,80.06520053,16.19435111
143.67196493,1791049138.9999647,-23.64837359,-46.57303809,758.99429731,7.78133973,3.35062201,0.71856188,0.26851088,17.37705735,False,True,80.13297761,-13.24473842,142.67672848,142.57672848,1.34330869,True,80.13297761,13.24473842
144.67197312,1791049139.999973,-23.64834756,-46.57302076,759.51319753,7.79227277,2.95859024,0.71718982,0.26851088,19.39456411,False,True,81.90113992,-10.36245904,143.67673667,143.57673667,1.29286746,True,81.90113992,10.36245904
145.67197517,1791049140.9999754,-23.64831828,-46.57302061,760.25434008,7.80265911,3.13205531,0.90364407,0.26851088,22.09324162,False,True,81.91634007,-7.11892671,144.67673872,144.57673872,1.1401639,True,81.91634007,7.11892671
146.67196698,1791049141.9999666,-23.64829131,-46.57302047,759.46605002,7.81252614,3.30313089,0.86409985,0.26851088,21.07063498,False,True,81.93033826,-4.1319756,145.67673053,145.57673053,1.28962604,True,81.93033826,4.1319756
147.67195802,1791049142.999958,-23.6482568,-46.57303743,759.450312,7.82189979,3.64136105,1.08122924,0.26851088,23.95985814,False,True,80.19966377,-0.31007827,146.67672157,146.57672157,0.95857261,True,80.19966377,0.31007827
148.67195085,1791049143.9999511,-23.64820903,-46.57302005,759.80915036,7.83080478,4.20047945,1.23955799,0.26851088,23.90874842,False,True,81.97304144,4.98027474,147.6767144,147.5767144,1.31884795,True,81.97304144,-4.98027474
149.67194368,1791049144.9999437,-23.64817034,-46.57301985,759.90882975,7.83926467,4.00332189,1.09003168,0.26851088,22.04199377,False,True,81.99312265,9.2652908,148.67670723,148.57670723,1.45248271,True,81.99312265,-9.2652908
150.67193651,1791049145.9999366,-23.64813488,-46.57301957,760.19977448,7.8473013,3.89273625,1.13258802,0.40457195,23.54455949,True,True,82.02165976,13.19294843,149.67670006,149.57670006,1.50676954,True,82.02165976,-13.19294843
151.67192858,1791049146.9999282,-23.64809911,-46.5730193,760.55374338,7.85493619,3.86135302,1.15063899,0.40457195,24.02990658,False,True,82.04963514,17.15484821,150.67669213,150.57669213,1.6135639,True,82.04963514,-17.15484821
