Time;Latitude;Longitude;Altitude;WGS84;Velocidade (km/h);Direção;Precisão
2026-09-11 09:28:53.683;-23,68326;-46,54489;761,77;758,20;0,00;;7,45
2026-09-11 09:28:54.717;-23,68326;-46,54489;761,77;758,20;0,00;;6,43
2026-09-11 09:28:55.734;-23,68316;-46,54505;761,77;758,20;;90,00;12,33
2026-09-11 09:28:56.455;-23,68326;-46,54489;761,77;758,20;0,11;;10,90
2026-09-11 09:28:57.174;-23,68327;-46,54489;761,77;758,20;0,13;;10,25
2026-09-11 09:28:57.689;-23,68327;-46,54489;761,77;758,20;0,34;;9,59
2026-09-11 09:28:58.748;-23,68327;-46,54489;761,77;758,20;0,42;90,00;9,75
2026-09-11 09:28:59.736;-23,68327;-46,54489;761,77;758,20;0,41;90,00;9,84
2026-09-11 09:29:00.417;-23,68327;-46,54488;761,47;757,90;0,28;;9,27
2026-09-11 09:29:01.753;-23,68327;-46,54488;761,47;757,90;0,26;;4,74
2026-09-11 09:29:02.756;-23,68327;-46,54488;761,47;757,90;0,21;;4,24
2026-09-11 09:29:03.778;-23,68327;-46,54488;761,47;757,90;0,35;;4,18
2026-09-11 09:29:04.781;-23,68327;-46,54488;761,47;757,90;0,37;18,53;4,01
2026-09-11 09:29:05.769;-23,68327;-46,54488;761,47;757,90;0,20;;3,89
2026-09-11 09:29:06.756;-23,68327;-46,54488;761,47;757,90;0,18;;3,80
2026-09-11 09:29:07.753;-23,68327;-46,54488;761,47;757,90;0,34;;3,70
2026-09-11 09:29:08.775;-23,68327;-46,54488;761,47;757,90;0,34;;3,68
2026-09-11 09:29:09.756;-23,68327;-46,54488;761,47;757,90;0,38;18,88;3,64
2026-09-11 09:29:10.802;-23,68326;-46,54488;761,47;757,90;0,24;;3,63
2026-09-11 09:29:11.793;-23,68325;-46,54488;761,47;757,90;0,22;;3,62
2026-09-11 09:29:12.792;-23,68313;-46,54486;761,47;757,90;24,70;6,00;3,35
2026-09-11 09:29:13.805;-23,68306;-46,54485;761,47;757,90;28,55;2,00;2,99
2026-09-11 09:29:14.746;-23,68298;-46,54485;761,47;757,90;31,28;358,00;2,62
2026-09-11 09:29:15.765;-23,68290;-46,54486;761,47;757,90;31,68;357,00;2,28
2026-09-11 09:29:16.767;-23,68283;-46,54487;761,47;757,90;30,46;359,00;1,96
2026-09-11 09:29:17.762;-23,68275;-46,54487;761,46;757,90;31,36;2,00;1,62
2026-09-11 09:29:18.794;-23,68268;-46,54487;761,76;758,20;26,21;6,00;1,53
2026-09-11 09:29:19.808;-23,68262;-46,54486;763,85;760,28;23,47;5,00;1,53
2026-09-11 09:29:20.794;-23,68256;-46,54485;764,01;760,44;27,29;5,00;1,53
2026-09-11 09:29:21.794;-23,68248;-46,54484;764,18;760,62;30,31;7,00;1,53
2026-09-11 09:29:22.777;-23,68240;-46,54483;764,27;760,71;33,19;9,00;1,53
2026-09-11 09:29:23.776;-23,68232;-46,54481;764,44;760,87;31,28;8,00;1,53
2026-09-11 09:29:24.777;-23,68225;-46,54480;764,86;761,29;27,47;9,00;1,53
2026-09-11 09:29:25.793;-23,68218;-46,54479;765,68;762,12;28,30;10,00;1,53
2026-09-11 09:29:26.810;-23,68210;-46,54477;766,81;763,25;29,05;10,00;1,53
2026-09-11 09:29:27.800;-23,68203;-46,54476;767,82;764,26;29,48;11,00;1,53
2026-09-11 09:29:28.805;-23,68196;-46,54474;768,86;765,30;27,29;12,00;1,53
2026-09-11 09:29:29.817;-23,68190;-46,54474;770,04;766,48;22,46;10,00;1,53
2026-09-11 09:29:30.779;-23,68185;-46,54473;771,02;767,46;24,08;11,00;1,53
2026-09-11 09:29:31.765;-23,68179;-46,54471;772,24;768,68;24,19;11,00;1,62
2026-09-11 09:29:32.808;-23,68172;-46,54469;773,68;770,12;24,62;16,00;1,62
2026-09-11 09:29:33.781;-23,68166;-46,54468;774,67;771,11;25,96;12,00;1,62
2026-09-11 09:29:34.753;-23,68160;-46,54466;776,00;772,44;28,12;13,00;1,62
2026-09-11 09:29:35.785;-23,68153;-46,54464;777,31;773,75;29,12;11,00;1,62
2026-09-11 09:29:36.764;-23,68146;-46,54462;778,26;774,70;32,76;10,00;1,62
2026-09-11 09:29:37.785;-23,68138;-46,54461;779,51;775,95;31,36;9,00;1,62
2026-09-11 09:29:38.800;-23,68131;-46,54460;780,83;777,27;24,70;10,00;1,70
2026-09-11 09:29:39.794;-23,68125;-46,54458;781,69;778,13;24,16;11,00;1,79
2026-09-11 09:29:40.791;-23,68119;-46,54457;782,61;779,05;24,34;8,00;1,87
2026-09-11 09:29:41.775;-23,68112;-46,54455;783,40;779,84;28,94;10,00;1,96
2026-09-11 09:29:42.802;-23,68104;-46,54453;783,47;779,91;33,62;9,00;2,04
2026-09-11 09:29:43.753;-23,68095;-46,54452;783,55;779,99;36,18;9,00;2,04
2026-09-11 09:29:44.769;-23,68086;-46,54451;783,84;780,29;37,22;9,00;2,04
2026-09-11 09:29:45.809;-23,68076;-46,54450;783,90;780,35;38,63;5,00;2,04
2026-09-11 09:29:46.785;-23,68066;-46,54449;783,90;780,35;37,66;6,00;2,04
2026-09-11 09:29:47.811;-23,68057;-46,54447;783,90;780,35;36,76;6,00;2,13
2026-09-11 09:29:48.783;-23,68047;-46,54446;783,90;780,35;36,36;5,00;2,21
2026-09-11 09:29:49.799;-23,68039;-46,54445;783,90;780,35;36,50;7,00;2,21
2026-09-11 09:29:50.785;-23,68030;-46,54445;783,54;779,98;35,06;6,00;2,21
2026-09-11 09:29:51.804;-23,68022;-46,54444;782,94;779,39;35,21;5,00;2,30
2026-09-11 09:29:52.822;-23,68012;-46,54443;782,12;778,57;35,78;6,00;2,38
2026-09-11 09:29:53.761;-23,68003;-46,54441;781,24;777,69;36,50;4,00;2,38
2026-09-11 09:29:54.824;-23,67994;-46,54441;780,24;776,69;36,22;5,00;2,38
2026-09-11 09:29:55.815;-23,67984;-46,54439;778,39;774,84;35,10;4,00;2,47
2026-09-11 09:29:56.816;-23,67976;-46,54438;777,59;774,04;32,83;3,00;2,55
2026-09-11 09:29:57.815;-23,67969;-46,54438;777,07;773,52;31,10;0,00;2,55
2026-09-11 09:29:58.841;-23,67961;-46,54439;775,90;772,35;29,99;359,00;2,55
2026-09-11 09:29:59.826;-23,67953;-46,54439;774,69;771,14;26,71;359,00;2,55
2026-09-11 09:30:00.840;-23,67947;-46,54440;773,73;770,18;24,48;356,00;2,55
2026-09-11 09:30:01.804;-23,67943;-46,54440;772,72;769,17;17,60;358,00;2,55
2026-09-11 09:30:02.855;-23,67939;-46,54441;771,91;768,36;17,53;0,00;2,47
2026-09-11 09:30:03.852;-23,67934;-46,54441;771,56;768,01;21,35;359,00;2,38
2026-09-11 09:30:04.820;-23,67928;-46,54442;771,07;767,52;26,89;357,00;2,30
2026-09-11 09:30:05.826;-23,67920;-46,54442;771,03;767,48;32,26;357,00;2,13
2026-09-11 09:30:06.804;-23,67911;-46,54442;771,03;767,48;34,74;357,00;1,96
2026-09-11 09:30:07.812;-23,67903;-46,54443;771,03;767,48;33,91;357,00;1,79
2026-09-11 09:30:08.802;-23,67895;-46,54444;771,03;767,48;30,42;356,00;1,79
2026-09-11 09:30:09.801;-23,67887;-46,54444;771,03;767,48;31,07;358,00;1,70
2026-09-11 09:30:10.821;-23,67879;-46,54444;771,34;767,80;29,81;357,00;1,62
2026-09-11 09:30:11.805;-23,67872;-46,54444;771,51;767,97;28,76;356,00;1,62
2026-09-11 09:30:12.754;-23,67865;-46,54444;771,73;768,19;28,12;357,00;1,62
2026-09-11 09:30:13.769;-23,67858;-46,54445;772,23;768,69;27,22;357,00;1,62
2026-09-11 09:30:14.765;-23,67851;-46,54445;772,63;769,09;26,75;357,00;1,53
2026-09-11 09:30:15.736;-23,67845;-46,54446;773,03;769,48;26,89;358,00;1,53
2026-09-11 09:30:16.694;-23,67838;-46,54446;773,50;769,96;27,18;357,00;1,53
2026-09-11 09:30:17.740;-23,67831;-46,54446;774,21;770,67;27,50;3,00;1,53
2026-09-11 09:30:18.743;-23,67824;-46,54445;774,97;771,42;26,57;5,00;1,45
2026-09-11 09:30:19.738;-23,67818;-46,54444;775,67;772,13;27,11;6,00;1,45
2026-09-11 09:30:20.758;-23,67811;-46,54444;776,45;772,91;26,78;8,00;1,36
2026-09-11 09:30:21.764;-23,67804;-46,54442;777,42;773,88;27,79;14,00;1,36
2026-09-11 09:30:22.760;-23,67798;-46,54439;778,18;774,64;28,58;20,00;1,36
2026-09-11 09:30:23.759;-23,67791;-46,54436;779,35;775,81;30,49;23,00;1,36
2026-09-11 09:30:24.761;-23,67783;-46,54432;779,98;776,43;32,15;23,00;1,45
2026-09-11 09:30:25.799;-23,67776;-46,54428;781,13;777,59;33,08;24,00;1,45
2026-09-11 09:30:26.750;-23,67768;-46,54425;782,04;778,50;33,19;24,00;1,53
2026-09-11 09:30:27.782;-23,67761;-46,54421;783,09;779,55;32,40;25,00;1,62
2026-09-11 09:30:28.740;-23,67755;-46,54417;784,17;780,63;29,88;30,00;1,70
2026-09-11 09:30:29.791;-23,67749;-46,54412;785,38;781,84;32,15;31,00;1,79
2026-09-11 09:30:30.787;-23,67742;-46,54407;786,40;782,86;33,08;31,00;1,87
2026-09-11 09:30:31.761;-23,67735;-46,54403;787,36;783,82;32,87;30,00;1,96
2026-09-11 09:30:32.744;-23,67728;-46,54399;788,17;784,63;29,12;27,00;2,04
2026-09-11 09:30:33.781;-23,67722;-46,54397;789,39;785,85;20,81;26,00;2,04
2026-09-11 09:30:34.821;-23,67719;-46,54394;790,41;786,88;14,26;27,00;2,04
2026-09-11 09:30:35.782;-23,67716;-46,54392;791,04;787,50;12,96;33,00;2,04
2026-09-11 09:30:36.815;-23,67713;-46,54390;791,21;787,67;15,37;28,00;2,04
2026-09-11 09:30:37.819;-23,67709;-46,54388;791,38;787,84;16,20;25,00;2,04
2026-09-11 09:30:38.811;-23,67704;-46,54385;791,51;787,97;22,93;29,00;2,04
2026-09-11 09:30:39.811;-23,67699;-46,54381;791,75;788,21;28,73;27,00;2,04
2026-09-11 09:30:40.799;-23,67692;-46,54377;792,04;788,50;29,41;29,00;2,04
2026-09-11 09:30:41.794;-23,67686;-46,54373;792,27;788,73;26,60;31,00;2,04
2026-09-11 09:30:42.768;-23,67680;-46,54369;792,71;789,18;25,60;30,00;1,96
2026-09-11 09:30:43.766;-23,67675;-46,54366;793,12;789,58;25,81;27,00;1,87
2026-09-11 09:30:44.837;-23,67668;-46,54362;793,45;789,92;27,79;30,00;1,79
2026-09-11 09:30:45.748;-23,67662;-46,54358;793,85;790,31;30,46;31,00;1,70
2026-09-11 09:30:46.781;-23,67656;-46,54353;794,16;790,62;32,94;31,00;1,62
2026-09-11 09:30:47.773;-23,67649;-46,54348;794,35;790,81;34,34;32,00;1,53
2026-09-11 09:30:48.749;-23,67641;-46,54343;794,77;791,23;35,06;32,00;1,53
2026-09-11 09:30:49.765;-23,67634;-46,54338;795,32;791,79;33,77;31,00;1,53
2026-09-11 09:30:50.778;-23,67627;-46,54333;795,56;792,03;33,19;31,00;1,53
2026-09-11 09:30:51.789;-23,67620;-46,54329;795,83;792,30;28,94;31,00;1,53
2026-09-11 09:30:52.777;-23,67615;-46,54325;796,42;792,88;24,52;30,00;1,53
2026-09-11 09:30:53.791;-23,67611;-46,54322;796,80;793,26;17,50;30,00;1,62
2026-09-11 09:30:54.799;-23,67607;-46,54320;797,00;793,47;15,26;29,00;1,70
2026-09-11 09:30:55.795;-23,67604;-46,54317;797,05;793,52;19,04;31,00;1,79
2026-09-11 09:30:56.785;-23,67600;-46,54314;797,09;793,56;22,93;32,00;1,87
2026-09-11 09:30:57.768;-23,67594;-46,54310;797,15;793,61;27,18;34,00;1,96
2026-09-11 09:30:58.793;-23,67588;-46,54306;797,21;793,67;30,17;31,00;1,96
2026-09-11 09:30:59.778;-23,67582;-46,54302;797,45;793,92;27,61;31,00;1,96
2026-09-11 09:31:00.813;-23,67577;-46,54298;797,83;794,29;21,92;31,00;1,87
2026-09-11 09:31:01.796;-23,67573;-46,54296;798,49;794,96;13,82;31,00;1,79
2026-09-11 09:31:02.823;-23,67571;-46,54295;799,03;795,49;11,20;28,00;1,79
2026-09-11 09:31:03.830;-23,67568;-46,54293;799,38;795,85;15,88;34,00;1,79
2026-09-11 09:31:04.809;-23,67564;-46,54290;799,59;796,06;22,97;32,00;1,87
2026-09-11 09:31:05.801;-23,67557;-46,54286;799,64;796,11;31,43;32,00;1,87
2026-09-11 09:31:06.813;-23,67550;-46,54281;799,84;796,31;38,48;30,00;1,96
2026-09-11 09:31:07.785;-23,67541;-46,54275;800,24;796,71;46,04;30,00;2,04
2026-09-11 09:31:08.779;-23,67530;-46,54268;800,62;797,08;51,26;32,00;2,04
2026-09-11 09:31:09.760;-23,67519;-46,54260;801,07;797,54;52,09;35,00;2,04
2026-09-11 09:31:10.805;-23,67509;-46,54252;801,62;798,09;50,90;36,00;2,04
2026-09-11 09:31:11.804;-23,67499;-46,54244;801,62;798,09;45,04;36,00;2,04
2026-09-11 09:31:12.794;-23,67491;-46,54237;801,62;798,09;39,56;36,00;2,04
2026-09-11 09:31:13.791;-23,67483;-46,54231;801,62;798,09;36,43;36,00;2,04
2026-09-11 09:31:14.783;-23,67477;-46,54226;801,62;798,09;30,82;36,00;2,04
2026-09-11 09:31:15.788;-23,67470;-46,54221;801,41;797,88;28,01;35,00;1,96
2026-09-11 09:31:16.764;-23,67465;-46,54218;800,33;796,80;21,28;37,00;1,87
2026-09-11 09:31:17.828;-23,67462;-46,54215;800,08;796,55;16,49;37,00;1,79
2026-09-11 09:31:18.785;-23,67458;-46,54212;800,02;796,49;15,80;36,00;1,70
2026-09-11 09:31:19.784;-23,67455;-46,54209;799,94;796,41;16,78;35,00;1,62
2026-09-11 09:31:20.781;-23,67452;-46,54207;799,87;796,34;17,28;31,00;1,53
2026-09-11 09:31:21.800;-23,67448;-46,54204;799,87;796,34;15,44;34,00;1,53
2026-09-11 09:31:22.785;-23,67445;-46,54201;799,87;796,34;16,16;34,00;1,53
2026-09-11 09:31:23.812;-23,67440;-46,54197;799,87;796,34;27,18;35,00;1,62
2026-09-11 09:31:24.789;-23,67434;-46,54192;799,87;796,34;33,01;32,00;1,62
2026-09-11 09:31:25.798;-23,67427;-46,54186;800,03;796,50;37,58;32,00;1,70
2026-09-11 09:31:26.792;-23,67419;-46,54181;800,56;797,03;39,31;31,00;1,79
2026-09-11 09:31:27.756;-23,67410;-46,54175;801,05;797,52;38,81;32,00;1,87
2026-09-11 09:31:28.755;-23,67402;-46,54169;801,65;798,13;38,09;31,00;2,04
2026-09-11 09:31:29.793;-23,67394;-46,54165;802,38;798,85;33,91;30,00;2,13
2026-09-11 09:31:30.773;-23,67387;-46,54160;803,17;799,64;31,75;30,00;2,38
2026-09-11 09:31:31.813;-23,67381;-46,54156;804,08;800,55;30,89;30,00;2,55
2026-09-11 09:31:32.796;-23,67374;-46,54151;805,23;801,70;32,72;30,00;2,72
2026-09-11 09:31:33.786;-23,67367;-46,54146;805,94;802,42;30,78;30,00;2,89
2026-09-11 09:31:34.788;-23,67361;-46,54142;806,92;803,39;24,34;29,00;2,89
2026-09-11 09:31:35.794;-23,67356;-46,54139;807,86;804,34;21,96;30,00;2,98
2026-09-11 09:31:36.812;-23,67353;-46,54137;808,82;805,30;11,23;33,00;2,89
2026-09-11 09:31:37.803;-23,67352;-46,54136;809,75;806,22;4,86;35,00;2,81
2026-09-11 09:31:38.794;-23,67352;-46,54136;810,11;806,58;0,00;;2,72
2026-09-11 09:31:39.815;-23,67352;-46,54136;810,65;807,12;0,00;;2,64
2026-09-11 09:31:40.767;-23,67352;-46,54136;809,03;805,50;0,00;;2,55
2026-09-11 09:31:41.811;-23,67352;-46,54136;809,03;805,50;0,00;;2,47
2026-09-11 09:31:42.781;-23,67352;-46,54136;809,03;805,50;0,00;;2,47
2026-09-11 09:31:43.775;-23,67349;-46,54133;809,02;805,50;5,98;32,00;2,47
2026-09-11 09:31:44.709;-23,67348;-46,54133;809,02;805,50;0,83;30,00;2,47
2026-09-11 09:31:45.729;-23,67348;-46,54132;809,02;805,50;1,80;37,00;2,38
2026-09-11 09:31:46.722;-23,67347;-46,54131;809,02;805,50;7,20;34,00;2,47
2026-09-11 09:31:47.768;-23,67345;-46,54129;809,72;806,20;10,73;39,00;2,47
2026-09-11 09:31:48.794;-23,67343;-46,54126;809,72;806,20;14,18;53,00;2,55
2026-09-11 09:31:49.745;-23,67341;-46,54123;809,72;806,20;9,54;64,00;2,64
2026-09-11 09:31:50.824;-23,67340;-46,54119;809,72;806,20;16,81;80,00;2,64
2026-09-11 09:31:51.790;-23,67340;-46,54113;809,72;806,20;22,75;82,00;2,64
2026-09-11 09:31:52.782;-23,67340;-46,54107;809,72;806,20;24,30;84,00;2,55
2026-09-11 09:31:53.781;-23,67339;-46,54100;809,73;806,20;24,26;83,00;2,47
2026-09-11 09:31:54.771;-23,67337;-46,54093;809,73;806,20;28,58;85,00;2,30
2026-09-11 09:31:55.755;-23,67337;-46,54086;809,73;806,20;25,31;84,00;2,13
2026-09-11 09:31:56.752;-23,67337;-46,54078;809,73;806,20;24,37;85,00;1,96
